time,P_from,amp,dur_hr,slope
2025-08-04 15:01,0.000,3.060,1.0500,2.914
2025-08-07 11:25,1.200,1.830,0.2333,7.843
2025-08-14 11:10,0.010,0.620,0.4667,1.329
2025-08-14 13:11,0.000,0.830,0.0167,49.800
2025-08-14 13:34,0.010,1.520,0.0167,91.200
2025-08-14 14:00,1.320,0.270,0.2167,1.246
2025-08-14 14:30,1.170,0.390,0.3167,1.232
2025-08-15 15:23,0.000,1.570,0.8000,1.962
2025-08-15 17:00,1.490,0.050,0.0167,3.000
2025-08-15 18:00,1.290,0.220,0.0167,13.200
2025-08-15 19:00,1.480,0.060,0.0167,3.600
2025-08-18 10:29,1.230,0.270,1.5000,0.180
2025-08-18 15:22,1.270,0.280,0.0167,16.800
2025-08-18 15:46,1.320,0.070,0.0667,1.050
2025-08-21 14:03,0.040,1.250,0.3167,3.947
2025-08-22 09:35,0.010,0.090,0.0167,5.400
2025-08-25 09:02,0.000,1.500,0.0167,90.000
2025-08-26 14:35,0.240,1.160,0.3833,3.026
2025-08-26 15:19,0.100,1.480,0.2667,5.550
2025-08-26 17:35,1.230,0.340,0.0167,20.400
2025-08-26 20:15,1.210,0.370,0.0167,22.200
2025-08-26 23:18,1.220,0.340,0.0167,20.400
2025-08-27 02:34,1.210,0.370,0.0167,22.200
2025-08-27 06:04,1.220,0.350,0.1333,2.625
2025-08-27 07:36,1.410,0.050,0.0167,3.000
2025-08-27 09:51,1.230,0.340,0.0167,20.400
2025-08-27 13:26,1.220,0.370,0.1500,2.467
2025-08-27 17:18,1.210,0.360,0.0167,21.600
2025-08-27 18:33,1.430,0.050,0.0500,1.000
2025-08-27 21:03,1.220,0.360,0.1833,1.964
2025-08-28 01:12,1.210,0.350,0.0167,21.000
2025-08-28 05:17,1.210,0.370,0.0167,22.200
2025-08-28 05:36,1.520,0.050,0.0167,3.000
2025-08-28 09:20,1.210,0.360,0.0167,21.600
2025-08-28 10:36,1.430,0.050,0.0167,3.000
2025-08-28 13:29,1.220,0.340,0.0167,20.400
2025-08-28 13:52,0.190,1.330,0.0167,79.800
2025-08-28 15:55,1.280,0.050,0.0167,3.000
2025-08-28 19:54,1.070,0.050,0.0167,3.000
2025-08-29 10:47,0.140,1.360,0.6333,2.147
2025-09-01 09:15,0.050,0.090,0.3167,0.284
2025-09-02 10:20,0.080,0.930,0.3167,2.937
2025-09-04 09:05,0.080,0.710,0.5167,1.374
2025-09-04 16:33,0.090,0.370,0.6000,0.617
2025-09-05 10:52,0.010,1.000,0.0167,60.000
2025-09-05 15:18,0.040,0.970,0.3833,2.530
2025-09-07 08:55,0.060,0.460,0.2333,1.971
2025-09-08 16:22,0.080,0.460,0.7000,0.657
2025-09-09 11:16,0.250,0.370,0.4667,0.793
2025-09-10 16:46,0.000,1.520,0.0833,18.240
2025-09-11 10:04,0.030,1.560,0.5333,2.925
2025-09-13 21:26,0.520,1.000,1.4000,0.714
2025-09-15 15:59,0.820,0.710,0.3333,2.130
2025-09-17 16:25,0.480,0.540,0.4167,1.296
2025-09-18 10:30,0.650,0.930,0.8167,1.139
2025-09-20 10:16,0.510,1.050,0.4167,2.520
2025-09-22 08:58,0.530,0.980,0.5500,1.782
2025-09-24 09:05,0.180,0.950,0.2333,4.071
2025-09-25 12:46,0.210,1.320,0.0167,79.200
2025-09-26 17:33,0.300,1.210,0.0167,72.600
2025-09-27 17:31,0.810,0.670,0.0167,40.200
2025-09-28 15:24,0.820,0.650,0.0167,39.000
2025-09-29 14:01,0.810,0.660,0.0167,39.600
2025-09-30 18:47,0.710,0.460,0.0167,27.600
2025-10-01 15:57,0.710,0.470,0.0167,28.200
2025-10-04 14:52,0.380,0.810,0.0167,48.600
2025-10-05 09:26,0.710,0.460,0.0167,27.600
2025-10-06 02:35,0.710,0.470,0.0167,28.200
2025-10-06 20:39,0.710,0.470,0.0167,28.200
2025-10-09 17:24,0.920,0.270,0.0167,16.200
2025-10-10 11:24,0.710,0.470,0.0167,28.200
2025-10-11 04:31,0.710,0.470,0.4000,1.175
2025-10-11 22:20,0.710,0.470,0.0167,28.200
2025-10-12 16:27,0.710,0.480,0.0167,28.800
2025-10-13 10:47,0.710,0.470,0.0167,28.200
2025-10-13 11:38,0.520,0.460,0.0333,13.800
2025-10-14 09:00,0.010,1.030,0.0167,61.800
2025-10-14 11:14,0.720,0.420,0.0167,25.200
2025-10-14 17:11,0.720,0.450,0.0167,27.000
2025-10-14 23:12,0.720,0.420,0.0167,25.200
2025-10-15 08:50,0.540,0.640,0.0167,38.400
2025-10-15 15:13,0.710,0.440,0.0167,26.400
2025-10-15 22:10,0.720,0.460,0.0167,27.600
2025-10-16 05:16,0.710,0.450,0.0167,27.000
2025-10-16 11:54,0.470,0.440,0.0333,13.200
2025-10-16 14:26,0.720,0.460,0.0167,27.600
2025-10-16 19:59,0.710,0.440,0.0167,26.400
2025-10-17 01:58,0.710,0.460,0.0167,27.600
2025-10-17 08:00,0.720,0.440,0.0167,26.400
2025-10-17 14:04,0.710,0.430,0.0167,25.800
2025-10-17 20:51,0.710,0.470,0.0167,28.200
2025-10-18 04:01,0.710,0.450,0.0167,27.000
2025-10-18 12:01,0.710,0.450,0.0167,27.000
2025-10-18 20:51,0.710,0.450,0.1167,3.857
2025-10-19 07:08,0.720,0.440,0.2500,1.760
2025-10-19 21:58,0.720,0.420,0.0167,25.200
2025-10-20 12:40,0.470,0.370,0.1167,3.171
2025-10-20 16:56,0.580,0.410,0.0167,24.600
2025-10-21 12:24,0.450,0.520,0.0167,31.200
2025-10-21 16:38,0.330,0.650,0.1667,3.900
2025-10-22 16:13,0.140,0.410,0.0500,8.200
2025-10-27 18:56,0.710,0.280,0.0167,16.800
2025-10-28 02:08,0.710,0.270,0.0167,16.200
2025-10-28 09:02,0.710,0.270,0.0167,16.200
2025-10-28 11:16,0.710,0.270,0.0167,16.200
2025-10-28 18:26,0.710,0.270,0.0167,16.200
2025-10-29 01:32,0.710,0.270,0.0167,16.200
2025-10-29 08:27,0.710,0.280,0.0167,16.800
2025-10-29 15:37,0.710,0.270,0.0167,16.200
2025-10-29 22:46,0.710,0.270,0.0167,16.200
2025-10-30 05:50,0.710,0.270,0.0167,16.200
2025-10-30 12:58,0.710,0.270,0.0167,16.200
2025-10-30 13:22,0.480,0.510,0.0167,30.600
2025-10-30 22:24,0.720,0.260,0.0167,15.600
2025-10-31 06:25,0.710,0.270,0.0167,16.200
2025-10-31 14:24,0.710,0.270,0.0167,16.200
2025-10-31 22:15,0.710,0.270,0.0167,16.200
2025-11-01 06:01,0.710,0.280,0.0167,16.800
2025-11-01 14:28,0.710,0.270,0.0167,16.200
2025-11-01 22:32,0.710,0.280,0.0167,16.800
2025-11-02 06:52,0.710,0.280,0.0167,16.800
2025-11-02 14:54,0.710,0.280,0.0167,16.800
2025-11-03 01:58,0.710,0.280,0.0167,16.800
2025-11-03 15:03,0.710,0.280,0.0167,16.800
2025-11-03 15:30,0.900,0.080,0.0167,4.800
2025-11-04 06:32,0.710,0.280,0.0167,16.800
2025-11-04 21:42,0.710,0.280,0.0167,16.800
2025-11-05 12:37,0.710,0.280,0.0167,16.800
2025-11-06 05:53,0.710,0.280,0.0167,16.800
2025-11-06 11:26,0.680,0.120,0.0167,7.200
2025-11-06 20:40,0.710,0.280,0.0167,16.800
2025-11-07 14:58,0.710,0.280,0.0167,16.800
2025-11-08 08:34,0.710,0.280,0.0167,16.800
2025-11-09 04:31,0.710,0.280,0.0167,16.800
2025-11-09 23:12,0.710,0.280,0.0167,16.800
2025-11-10 17:54,0.710,0.280,0.0167,16.800
2025-11-11 13:16,0.710,0.280,0.0167,16.800
2025-11-12 10:22,0.710,0.280,0.0167,16.800
2025-11-13 08:45,0.710,0.280,0.0167,16.800
2025-11-14 09:07,0.710,0.280,0.0167,16.800
2025-12-22 17:16,0.710,0.280,0.0167,16.800
2025-12-23 02:26,0.710,0.280,0.0167,16.800
2025-12-23 11:24,0.710,0.280,0.0167,16.800
2025-12-23 20:27,0.710,0.280,0.0167,16.800
2025-12-24 05:43,0.710,0.280,0.0167,16.800
2025-12-24 15:13,0.710,0.270,0.0167,16.200
2025-12-25 00:53,0.710,0.280,0.0167,16.800
2025-12-25 10:44,0.710,0.280,0.0167,16.800
2025-12-25 20:41,0.710,0.270,0.0167,16.200
2025-12-26 06:55,0.710,0.280,0.0167,16.800
2025-12-26 16:13,0.320,0.420,0.0333,12.600
2025-12-26 16:51,0.710,0.270,0.0167,16.200
2025-12-27 02:27,0.710,0.280,0.0167,16.800
2025-12-27 11:13,0.710,0.280,0.0167,16.800
2025-12-27 20:16,0.710,0.280,0.0167,16.800
2025-12-28 05:08,0.710,0.270,0.0167,16.200
2025-12-28 14:19,0.710,0.280,0.0167,16.800
2025-12-28 23:35,0.710,0.280,0.0167,16.800
2025-12-29 09:12,0.710,0.280,0.0167,16.800
2025-12-29 19:02,0.710,0.280,0.0167,16.800
2025-12-30 04:49,0.710,0.280,0.0167,16.800
2025-12-30 15:08,0.710,0.280,0.0167,16.800
2025-12-31 01:29,0.710,0.280,0.0167,16.800
2025-12-31 12:52,0.710,0.280,0.0167,16.800
2026-01-01 00:39,0.710,0.280,0.0167,16.800
2026-01-01 20:45,0.710,0.270,0.0167,16.200
2026-01-02 10:24,0.190,0.990,0.0167,59.400
2026-01-05 08:52,0.100,0.130,0.0167,7.800
2026-01-05 09:12,0.220,1.060,0.1500,7.067
2026-01-05 21:13,0.710,0.570,0.0167,34.200
2026-01-06 11:53,0.710,0.570,0.0167,34.200
2026-01-06 13:18,0.230,0.780,0.0167,46.800
2026-01-06 21:38,0.710,0.450,0.0167,27.000
2026-01-07 16:20,0.710,0.570,0.0167,34.200
2026-01-08 09:44,0.710,0.580,0.0167,34.800
2026-01-09 05:14,0.710,0.580,0.0667,8.700
2026-01-10 21:49,0.710,0.500,0.0167,30.000
2026-01-13 09:33,0.710,0.570,0.0167,34.200
2026-01-15 19:47,0.710,0.580,0.0167,34.800
2026-01-18 11:49,0.710,0.400,0.0167,24.000
2026-01-20 20:59,0.710,0.570,0.0167,34.200
2026-02-10 15:05,0.480,0.310,0.0167,18.600
2026-02-10 19:52,0.710,0.470,0.0167,28.200
2026-02-11 18:40,0.710,0.480,0.0167,28.800
2026-02-12 16:22,0.710,0.400,0.0167,24.000
2026-02-13 15:18,0.710,0.370,0.0167,22.200
2026-02-14 08:53,0.710,0.380,0.0167,22.800
2026-02-15 03:16,0.710,0.370,0.0167,22.200
2026-02-15 22:11,0.710,0.370,0.0167,22.200
2026-02-16 17:57,0.710,0.370,0.0167,22.200
2026-02-17 14:49,0.710,0.370,0.0167,22.200
2026-02-18 13:38,0.710,0.380,0.0167,22.800
2026-02-21 08:05,0.710,0.330,0.0167,19.800
2026-02-23 15:20,0.410,0.680,0.0167,40.800
2026-02-24 09:07,0.710,0.370,0.0167,22.200
2026-02-25 02:45,0.710,0.370,0.0167,22.200
2026-02-25 22:08,0.710,0.370,0.0167,22.200
2026-02-26 18:30,0.710,0.380,0.0167,22.800
2026-02-27 17:04,0.710,0.370,0.0167,22.200
2026-02-28 16:29,0.710,0.380,0.0167,22.800
2026-03-01 17:11,0.710,0.380,0.0167,22.800
2026-03-02 18:57,0.710,0.380,0.0167,22.800
2026-03-03 13:38,0.420,0.430,0.0167,25.800
2026-03-03 22:25,0.710,0.380,0.0167,22.800
2026-03-04 20:13,0.710,0.370,0.0167,22.200
2026-03-05 19:21,0.710,0.380,0.0167,22.800
2026-03-06 19:37,0.710,0.380,0.0167,22.800
2026-03-07 20:51,0.710,0.370,0.0167,22.200
2026-03-08 23:27,0.710,0.340,0.0167,20.400
2026-03-10 03:43,0.710,0.370,0.0167,22.200
2026-03-10 15:56,0.550,0.350,0.0333,10.500
2026-03-11 04:38,0.710,0.380,0.0167,22.800
2026-03-12 03:50,0.710,0.380,0.0167,22.800
2026-03-13 04:23,0.710,0.380,0.0167,22.800
2026-03-14 05:45,0.710,0.370,0.0167,22.200
2026-03-15 08:38,0.710,0.380,0.0167,22.800
2026-03-16 09:37,0.340,0.550,0.0500,11.000
2026-03-16 22:27,0.710,0.380,0.0167,22.800
2026-03-17 23:14,0.710,0.370,0.0167,22.200
2026-03-19 01:02,0.710,0.370,0.0167,22.200
2026-03-19 14:42,0.230,0.670,0.0167,40.200
2026-03-20 04:42,0.710,0.370,0.0167,22.200
2026-03-21 07:14,0.710,0.380,0.0167,22.800
2026-03-22 10:21,0.710,0.370,0.0167,22.200
2026-03-23 14:09,0.710,0.370,0.0167,22.200
2026-03-24 16:30,0.330,0.480,0.0500,9.600
2026-03-24 23:02,0.710,0.370,0.0167,22.200
2026-03-26 00:51,0.710,0.380,0.0167,22.800
2026-03-27 04:13,0.710,0.380,0.0167,22.800
2026-03-27 16:15,0.330,0.460,0.0167,27.600
2026-03-27 22:55,0.710,0.380,0.0167,22.800
2026-03-29 02:46,0.710,0.380,0.0167,22.800
2026-03-30 06:58,0.710,0.380,0.0167,22.800
2026-03-31 12:43,0.710,0.380,0.0167,22.800
2026-04-01 13:13,0.220,0.800,0.0500,16.000
2026-04-02 13:30,0.710,0.370,0.0167,22.200
2026-04-03 17:25,0.710,0.370,0.0167,22.200
2026-04-04 22:08,0.710,0.370,0.0167,22.200
2026-04-06 04:28,0.710,0.380,0.0167,22.800
2026-04-07 09:17,0.650,0.110,0.0333,3.300
2026-04-07 11:13,0.710,0.380,0.0167,22.800
2026-04-07 19:21,0.720,0.350,0.0167,21.000
2026-04-08 03:22,0.720,0.340,0.0167,20.400
2026-04-08 12:19,0.710,0.370,0.0167,22.200
2026-04-08 21:24,0.720,0.350,0.0167,21.000
2026-04-09 08:12,0.710,0.370,0.0167,22.200
2026-04-09 19:20,0.710,0.340,0.0167,20.400
2026-04-10 07:23,0.710,0.360,0.0167,21.600
2026-04-10 20:36,0.710,0.370,0.0167,22.200
2026-04-11 10:48,0.710,0.370,0.0167,22.200
2026-04-12 02:41,0.710,0.360,0.0167,21.600
2026-04-12 20:01,0.710,0.380,0.0167,22.800
2026-04-13 12:58,0.730,0.340,0.0167,20.400
2026-04-14 07:32,0.710,0.370,0.0167,22.200
2026-04-15 03:29,0.710,0.380,0.0167,22.800
2026-04-16 00:56,0.710,0.350,0.0167,21.000
2026-04-16 11:42,0.190,0.650,0.0333,19.500
2026-04-20 17:18,0.710,0.370,0.0167,22.200
2026-04-21 04:59,0.710,0.360,0.0167,21.600
2026-04-21 17:06,0.710,0.350,0.0167,21.000
2026-04-22 06:54,0.710,0.380,0.0167,22.800
2026-04-22 21:08,0.710,0.360,0.0167,21.600
2026-04-23 13:05,0.710,0.350,0.0167,21.000
2026-04-24 07:57,0.710,0.360,0.0167,21.600
2026-04-25 03:58,0.710,0.360,0.0167,21.600
2026-04-25 23:57,0.710,0.370,0.0167,22.200
2026-04-26 20:56,0.710,0.370,0.0167,22.200
2026-04-27 15:50,0.510,0.230,0.0167,13.800
2026-04-27 22:31,0.710,0.370,0.0167,22.200
2026-04-29 08:58,0.710,0.370,0.0167,22.200
2026-04-30 13:04,0.790,0.300,0.0167,18.000
2026-05-02 07:08,0.710,0.380,0.0167,22.800
2026-05-04 02:17,0.710,0.370,0.0167,22.200
2026-05-05 21:55,0.710,0.380,0.0167,22.800
2026-05-07 20:05,0.710,0.380,0.0167,22.800
2026-05-08 09:04,0.670,0.240,0.0167,14.400
2026-07-01 13:17,0.780,0.170,0.0167,10.200
2026-07-02 15:44,0.710,0.480,0.0167,28.800
2026-07-03 13:52,0.800,0.090,0.4000,0.225
2026-07-03 14:45,0.840,0.350,0.5667,0.618
2026-07-04 17:15,0.710,0.480,0.0167,28.800
2026-07-08 08:33,0.710,0.050,0.0167,3.000
2026-07-08 10:15,0.730,0.430,0.0167,25.800
2026-07-08 22:40,0.710,0.440,0.0167,26.400
2026-07-09 09:37,0.720,0.110,0.0167,6.600
2026-07-10 11:00,0.240,0.910,0.0167,54.600
2026-07-10 22:01,0.720,0.440,0.0167,26.400
2026-07-11 11:08,0.720,0.410,0.0167,24.600
2026-07-13 09:02,0.350,0.840,0.0167,50.400
2026-07-13 13:54,0.930,0.230,0.0167,13.800
2026-07-13 14:50,0.190,1.000,0.3333,3.000
2026-07-14 14:21,1.090,0.080,0.0167,4.800
2026-07-14 16:43,0.960,0.230,0.0167,13.800
2026-07-22 14:37,0.720,0.470,0.0833,5.640
2026-07-23 14:49,0.910,0.260,0.0167,15.600
2026-07-24 03:49,0.920,0.250,0.0167,15.000
2026-07-24 16:49,0.930,0.240,0.0167,14.400
2026-07-25 06:48,0.930,0.240,0.0167,14.400
2026-07-25 21:48,0.920,0.250,0.0167,15.000
2026-07-26 12:48,0.920,0.250,0.0167,15.000
2026-07-27 04:48,0.920,0.250,0.0167,15.000
2026-07-27 09:15,1.080,0.110,0.0167,6.600
2026-07-27 16:09,0.910,0.280,0.0167,16.800
2026-07-27 22:26,0.910,0.250,0.0167,15.000
2026-07-28 05:26,0.920,0.240,0.0167,14.400
2026-07-28 12:26,0.920,0.250,0.0167,15.000
2026-07-28 19:18,0.930,0.230,0.0167,13.800
2026-07-29 03:24,0.920,0.260,0.0167,15.600
2026-07-29 11:24,0.920,0.250,0.0167,15.000
2026-07-29 19:24,0.930,0.230,0.0167,13.800
2026-07-30 04:23,0.920,0.240,0.0167,14.400
2026-07-30 09:07,0.220,0.970,0.0333,29.100
2026-07-30 15:15,0.920,0.250,0.0167,15.000
2026-07-30 21:15,0.920,0.240,0.0167,14.400
2026-07-31 04:12,0.920,0.250,0.0167,15.000
2026-07-31 10:13,0.920,0.250,0.0167,15.000
2026-07-31 16:14,0.910,0.280,0.0167,16.800
2026-07-31 23:09,0.920,0.240,0.0167,14.400
2026-08-01 05:21,0.920,0.250,0.0167,15.000
2026-08-01 12:16,0.910,0.260,0.0167,15.600
2026-08-01 19:13,0.920,0.250,0.0167,15.000
2026-08-02 02:22,0.920,0.260,0.0167,15.600
2026-08-02 10:12,0.930,0.240,0.0167,14.400
2026-08-02 18:12,0.930,0.240,0.0167,14.400
2026-08-03 02:13,0.910,0.250,0.0167,15.000
2026-08-03 09:14,0.400,0.790,0.4000,1.975
