null_two_step,null_joint
0.013021632685135062,0.0035842706491320585
0.021613763284543494,0.0036520789226565814
0.017303790124798987,1.0208157390933553e-13
0.011199220042856535,0.0016485832348906663
0.02029384762478369,0.0
0.023719815251798296,0.001176717758968717
0.024481752963217,0.0
0.020838951924084567,0.0013454269426287067
0.01648291566756604,0.003537432228303955
0.016839402165334208,0.007487729941104701
0.022074357428212465,0.005144461644420362
0.012115448535496677,0.0043388546971593125
0.03035545160884716,0.0
0.024158301621859602,0.0
0.02037845714366247,0.001871933065113508
0.021439374487538795,3.3246965655425254e-14
0.023731981574092224,0.0023683493494810297
0.024018305691195195,1.7997460296806463e-15
0.016849911314813545,0.0
0.024892965266543256,0.0017846564406437788
0.02464371663104469,0.0
0.023847206164025546,9.783913049027875e-14
0.022400555876197194,0.0037596285667481468
0.020564294512322775,0.0
0.01991348383639382,0.0
0.01680163104185177,0.0
0.022644515079240476,0.00012885140398676405
0.026104955165159593,0.0
0.014629974054649827,1.9945340683297552e-15
0.024980389273036176,2.5434228826998576e-14
0.016934915093210115,0.0
0.01873530614164822,0.0047215900073526015
0.010940174206148175,2.1365233319722925e-14
0.029975040389195,0.0
0.019834159985598947,0.0025221493679901826
0.016865410140532684,0.0
0.026575877488292543,2.507775742968425e-15
0.011290660714131649,0.0031744901107647397
0.01361145512932876,0.006274093310204554
0.012665589811705307,0.0
0.00840773471013774,0.0009544719245315725
0.02240414017084089,0.0
0.01465285981169726,0.0024821748612952844
0.029350298980184746,0.0
0.02620349630635047,1.2647775242710432e-13
0.01395847895119321,0.004346267211014301
0.0033689447797766235,1.4711055585958769e-15
0.01721275803321366,0.0014672317262352554
0.021161238087862633,0.0009826819086987725
0.022626283162786715,0.0
0.01288025380884059,0.0009610293433262378
0.01164285121639859,2.5001977045482315e-15
0.025680660434993976,0.0008153441388640853
0.014166669107795602,0.0
0.014445814328461207,0.0008724957693403005
0.026854817191284144,2.977366750327244e-13
0.02623323451174937,6.663091877787515e-15
0.020274013783113845,0.00019474050539914666
0.011298438656789176,1.451601874183971e-14
0.021312376016881688,0.004252038129359057
0.01352123536651309,0.0052000573076727424
0.023011699590011633,4.636704933354224e-16
0.015121791215898194,0.0017410842570978313
0.014387105728201661,0.006309882708956287
0.015016143140397335,0.0
0.023675481612168658,0.0
0.015575030147018788,0.005303846403742484
0.01871396345825994,0.0034687175518371078
0.02283280776042956,6.242839568030015e-14
0.01758270539511226,0.0
0.026570089408722547,0.0
0.022973353771040872,0.0032815637289477276
0.016273054777367978,0.002245466883289691
0.01276942275924373,0.004708812898367663
0.019724912248731977,0.0025025255763505517
0.022015796567905394,0.0019156568761380926
0.021263886457665384,0.0047357940690844515
0.024378404146440515,0.00032432335936443107
0.010658957343543584,0.0021546047712768857
0.015050983658414875,0.0039270022978459915
0.02505974006497231,0.0
0.021000854207001755,0.002251493838204462
0.013390346855964848,0.004179722413382898
0.02092289479756549,1.7892227497507994e-15
0.014086150109633608,0.0
0.020651349240918736,4.228734606932795e-13
0.02495762374355292,0.0
0.017702527289668424,0.0014239911729421791
0.025437819671566043,0.0
0.013244561399591188,0.00026992239393279873
0.025716773494869807,3.546751880361627e-15
0.019953897738042063,0.0
0.009761339403423585,0.0007739458121066615
0.009832333258236412,0.004131384104041227
0.017320963074537565,0.0013128737280484655
0.01286703134950925,0.002216264286949994
0.02429475081801988,0.0019503517331725313
0.022391973591171135,0.0034261354782190497
0.01308683498510896,0.0038299581299918754
0.013223140593191473,0.0011723963308681955
0.015321388082776563,0.0023049962135357925
0.023464201869596957,1.7173807823558106e-12
0.025348580898275592,0.0
0.015083163812742221,0.004923102882417995
0.016466306450105793,0.0018327472431691862
0.011796637844112957,0.0006785064673569853
0.023901876363475995,8.486152164478138e-15
0.012828812833585782,0.0038370770380714843
0.021073270211797033,0.0003610409747729237
0.03047186384823514,0.0
0.010938602617746237,5.615213606165005e-14
0.016493927345593684,0.002169130227729869
0.019689761686972018,0.000443134457142094
0.01464037312741308,0.002104628631472623
0.027828288022946006,1.817013451579002e-13
0.030177435358265395,2.366984019418191e-14
0.010906943173606146,0.003465701201386378
0.00536528781141732,0.0005601857861476354
0.00739269212496271,0.002741934178141672
0.017237137699150605,0.003203850361155415
0.015374563124184606,0.0046788410207444925
0.012466792688280848,0.002126904742749482
0.015980949699965937,0.0052060910989946835
0.016256149499091575,0.004521460049787155
0.020768944970790834,6.033398479921154e-14
0.022670102230994808,1.624017793185995e-13
0.02098667000768819,0.0
0.0216736829034643,1.3203364830382375e-15
0.026393383761334488,0.0012656183315757847
0.015921102796077717,1.5758979354463294e-15
0.02035161173827002,0.002125926457301107
0.017330728086314227,0.007141455450445634
0.022817014267305563,0.0013805026054161942
0.022631356548681862,0.000435679765767145
0.013601980863690962,6.0662228517145305e-15
0.014329208433905291,0.004457514482467695
0.012495574177193127,0.004328623941274443
0.012267309338566847,2.2302960326286354e-13
0.01540365316747018,0.004599078261643791
0.01826502612989941,0.00013604160130202406
0.02533098682762869,0.0008639214846442718
0.009730887658184865,0.0013863427039928426
0.021824680292650632,0.005221091628179107
0.013317034676125826,0.0073153970904147325
0.02320496622174515,0.0010832816891128874
0.02274634845718667,0.003465379563963322
0.02147513977750557,1.713736015676935e-13
0.012163504232444285,3.0184703614099574e-15
0.014919629502232242,0.0022622454498568575
0.013098140110291834,0.003219668059222529
0.018767630536187227,0.0
0.02946931226009605,0.0
0.02252172158645285,0.0
0.01862799978060667,1.9823230788996776e-15
0.017854143041645742,0.0017310908452030632
0.019933104788556495,0.0047927124166835845
0.007229995631579475,0.0007213908788674087
0.010411380889374428,0.0039018900952790796
0.03097291582856853,0.0
0.027390809499822893,1.7510478978413075e-15
0.019007485152207855,0.0
0.01641494935162771,0.0
0.022611641760419722,2.8627114103271083e-16
0.010955285095779503,0.004944288386392718
0.018838140834421244,7.99764420144506e-14
0.022226649119217706,0.0
0.011995335782772764,2.525309491214468e-12
0.011716167840577715,0.0
0.024456219803221112,0.0
0.01407468818742844,0.0
0.014592701663836931,0.0018976500284034869
0.011770565258299465,0.0039986122703226535
0.02297746037729204,4.68969292700639e-13
0.02753493805993461,8.423846568694066e-15
0.012541633533134831,0.0012553467989060694
0.02786647341019105,0.00035440271343641723
0.020525647346127038,0.00034528986495198615
0.015538028734788859,0.00439845169944139
0.014483156748292304,0.0022101674641206766
0.007374152318447952,0.0014042075939199846
0.010326814119037733,0.00431057582043648
0.026815489756200267,0.0
0.025945340596000396,5.120334004394341e-18
0.018579864663336776,0.0024300249147485922
0.023060496113521477,0.0014162822143645943
0.014213203859774265,0.0019075863926070191
0.02322966852518025,0.0
0.017414226597974314,0.001042353516467074
0.013352207910722499,0.0038637847509330227
0.01514333667757936,0.008258595761938851
0.021682281715960296,0.0009644138126432384
0.011536175349382645,0.0004894227233676863
0.027561341517364966,2.824256463713545e-15
0.014886860194557231,0.0
0.021064017885786213,0.003545502274149533
0.027769591805765565,0.0
0.018158246609776135,0.0038889728894926355
0.02137913930588045,0.0031085575689321493
0.025804971494161413,0.001955257973812248
0.0167440065262848,2.3869783272222694e-13
