time,cond,f_CO2,dP_dt,dORP_dt,dpH_dt
2026-01-09 00:00,1:1,0.5,0.02654,-0.5220,0.04365
2026-01-09 05:22,1:1,0.5,0.04306,-16.7616,0.00193
2026-01-10 22:01,1:1,0.5,0.02551,-10.3407,0.02360
2026-01-13 09:35,1:1,0.5,0.04219,0.4768,-0.01679
2026-01-15 19:49,1:1,0.5,0.03713,-5.0431,0.00032
2026-01-18 12:03,1:1,0.5,0.02513,-60.8666,-0.00225
2026-01-20 21:02,1:1,0.5,0.04171,-64.0161,0.02308
2026-03-01 00:00,pump_off,0.2,0.01856,2.0766,0.00699
2026-03-01 17:14,pump_off,0.2,0.02054,0.3576,0.00070
2026-03-02 18:59,pump_off,0.2,0.02006,-6.2041,-0.00054
2026-03-03 13:42,pump_off,0.2,0.01686,-33.0895,-0.00221
2026-03-03 22:26,pump_off,0.2,0.02694,-0.6281,0.02338
2026-03-04 20:17,pump_off,0.2,0.02295,-5.7045,0.00463
2026-03-05 19:24,pump_off,0.2,0.02148,-8.7082,0.00154
2026-03-06 19:39,pump_off,0.2,0.02121,-9.1116,-0.00068
2026-03-07 20:54,pump_off,0.2,0.02076,-1.1368,0.00192
2026-03-08 23:28,pump_off,0.2,0.01237,-15.6853,0.00411
2026-03-10 03:44,pump_off,0.2,0.01873,-12.3713,-0.02673
2026-03-10 15:59,pump_off,0.2,0.01637,-7.4526,-0.00148
2026-03-11 04:39,pump_off,0.2,0.02184,-12.9576,-0.00442
2026-03-12 03:51,pump_off,0.2,0.02088,-1.0342,0.00138
2026-03-13 04:24,pump_off,0.2,0.02066,-10.5289,0.03843
2026-03-14 05:46,pump_off,0.2,0.02163,1.2752,-0.00061
2026-03-15 08:40,pump_off,0.2,0.01991,-1.5923,0.00554
2026-03-16 09:42,pump_off,0.2,0.01535,-32.8602,0.01102
2026-03-16 22:28,pump_off,0.2,0.02465,-25.2693,0.01576
2026-03-17 23:16,pump_off,0.2,0.01973,-34.1225,-0.00518
2026-03-19 01:05,pump_off,0.2,0.02031,-5.1783,0.00143
2026-03-19 14:53,pump_off,0.2,0.01649,-60.9703,0.00156
2026-03-20 04:45,pump_off,0.2,0.01875,-7.2245,0.00023
2026-03-21 07:17,pump_off,0.2,0.01958,-6.7193,0.00207
2026-03-22 10:23,pump_off,0.2,0.00520,-10.9678,-0.09393
2026-03-23 14:19,pump_off,0.2,0.02120,-35.7158,-0.00124
2026-03-24 23:04,pump_off,0.2,0.02128,-6.3951,0.00307
2026-03-26 00:52,pump_off,0.2,0.01812,-2.7549,-0.00072
2026-03-27 04:15,pump_off,0.2,0.01902,-28.0778,0.00242
2026-03-27 22:56,pump_off,0.2,0.01884,-17.0441,0.00240
2026-03-29 02:49,pump_off,0.2,0.01976,-3.4350,0.00422
2026-03-30 07:11,pump_off,0.2,0.02307,-0.9271,0.03752
2026-03-31 12:45,pump_off,0.2,0.01917,-5.8661,0.00082
2026-04-01 13:17,pump_off,0.2,0.02101,0.1547,-0.00650
2026-04-02 13:33,pump_off,0.2,0.01990,-10.5221,-0.00035
2026-04-03 17:28,pump_off,0.2,0.01793,-5.7454,0.00074
2026-04-04 22:09,pump_off,0.2,0.01705,-5.1541,-0.00235
2026-04-06 04:29,pump_off,0.2,0.01755,-63.3712,-0.00539
2026-04-07 11:14,pump_on5,0.2,0.04398,47.3384,-0.00088
2026-04-07 19:22,pump_on5,0.2,0.04697,-10.8422,-0.00003
2026-04-08 03:24,pump_on5,0.2,0.04260,-0.9660,-0.00524
2026-04-08 12:21,pump_on5,0.2,0.04329,-50.6423,0.02554
2026-04-08 21:25,pump_on5,0.2,0.04726,0.1330,0.00725
2026-04-09 08:14,pump_on5,0.2,0.03598,-12.2550,-0.01020
2026-04-09 19:21,pump_on5,0.2,0.03455,-3.0554,0.00003
2026-04-10 07:24,pump_on5,0.2,0.03068,9.3235,-0.00066
2026-04-10 20:38,pump_on5,0.2,0.02856,-10.6325,0.00280
2026-04-11 10:49,pump_on5,0.2,0.03803,-3.6830,0.00936
2026-04-12 02:42,pump_on5,0.2,0.02591,-1.8262,-0.00082
2026-04-12 20:03,pump_on5,0.2,0.03201,-4.7740,0.00415
2026-04-13 13:02,pump_on5,0.2,0.02613,-3.7694,-0.00122
2026-04-14 07:34,pump_on5,0.2,0.02721,-10.7934,-0.00032
2026-04-15 03:32,pump_on5,0.2,0.02527,-21.6749,0.00016
2026-04-16 01:01,pump_on5,0.2,0.02152,-20.2115,-0.00633
2026-07-23 09:04,tau1,0.2,0.01374,46.9174,-0.00548
2026-07-23 14:50,tau1,0.2,0.02587,-24.9241,-0.00140
2026-07-24 03:50,tau1,0.2,0.02444,-14.0891,-0.00259
2026-07-24 16:50,tau1,0.2,0.02395,1.8796,0.00766
2026-07-25 06:49,tau1,0.2,0.02293,-5.3074,-0.00049
2026-07-25 21:50,tau1,0.2,0.02524,-6.2749,0.00609
2026-07-26 12:50,tau1,0.2,0.02047,3.5475,-0.00109
2026-07-27 09:24,tau5,0.2,0.03860,16.4803,-0.00980
2026-07-27 09:24,tau5,0.2,0.03842,16.7714,-0.00954
2026-07-27 16:10,tau5,0.2,0.04531,114.8930,-0.00566
2026-07-27 22:27,tau5,0.2,0.03852,-6.2397,-0.00110
2026-07-28 05:27,tau5,0.2,0.03750,0.5410,0.00111
2026-07-28 12:27,tau5,0.2,0.03900,-7.7844,-0.00137
2026-07-28 19:26,tau5,0.2,0.03340,17.6246,-0.00179
2026-07-29 03:25,tau5,0.2,0.03257,52.0219,0.00053
2026-07-29 11:25,tau5,0.2,0.03655,14.2836,0.00703
2026-07-29 19:25,tau5,0.2,0.03043,22.0437,-0.00645
2026-07-30 04:25,tau10,0.2,0.03808,44.4960,-0.00005
2026-07-30 09:12,tau10,0.2,0.03304,-18.3144,-0.01219
2026-07-30 15:16,tau10,0.2,0.04452,-21.8352,0.00506
2026-07-30 21:16,tau10,0.2,0.03614,-19.6548,-0.00188
2026-07-31 04:13,tau10,0.2,0.03896,-16.0837,-0.00616
2026-07-31 10:14,tau10,0.2,0.03702,31.4788,-0.00687
2026-07-31 16:15,tau10,0.2,0.03449,-26.6067,-0.00208
2026-07-31 23:13,tau10,0.2,0.03712,-12.8623,0.00179
2026-08-01 05:22,tau10,0.2,0.04010,-6.5048,0.00302
2026-08-01 12:17,tau10,0.2,0.03754,-22.9526,0.00748
2026-08-01 19:14,tau10,0.2,0.02867,-37.4685,-0.00518
2026-08-02 02:24,tau10,0.2,0.03861,-19.4118,-0.00095
2026-08-02 10:13,tau10,0.2,0.03462,-30.7183,0.01039
2026-08-02 18:13,tau10,0.2,0.02762,9.2781,-0.00553
2026-08-03 04:36,tau10,0.2,0.02080,-13.0656,0.00772
