n,days,rb,sd,cv
3,1.3846153846153848,0.012038372667367559,0.004312691029570815,0.3582453499932956
5,2.307692307692308,0.013708688444605118,0.002574867319825693,0.18782740086554375
8,3.6923076923076925,0.011866962055285455,0.002499455904157645,0.21062306363779146
12,5.538461538461539,0.010962166386693008,0.0023788702739484043,0.2170073131562862
16,7.384615384615385,0.011732372706322087,0.0017453393079926575,0.14876268864627584
20,9.230769230769232,0.011193072739274206,0.0014505745740890843,0.1295957426417247
26,12.0,0.011130678923198732,0.0012900971776878447,0.11590462599716216
40,18.461538461538463,0.01125068533047453,0.0009929792758624177,0.08825944790872006
60,27.692307692307693,0.01104891284530596,0.0007831636095274166,0.07088150847892127
