batch,cyc,hour,P,r_on,r_off,spike,rebound,d_total
tau1,1,07-23 09,1.0193636363636365,0.6000000000000005,0.02448979591836737,0.010000000000000009,-0.010000000000000009,0.030000000000000027
tau1,1,07-23 10,1.0020535714285714,1.200000000000001,0.0,0.020000000000000018,-0.010000000000000009,0.010000000000000009
tau1,1,07-23 11,0.9806666666666665,1.200000000000001,0.02222222222222224,0.020000000000000018,-0.010000000000000009,0.020000000000000018
tau1,1,07-23 12,0.9633928571428572,0.6000000000000005,0.01200000000000001,0.010000000000000009,0.0,0.020000000000000018
tau1,1,07-23 13,0.9448333333333333,1.1999999999999944,0.01111111111111112,0.019999999999999907,-0.019999999999999907,0.019999999999999907
tau1,2,07-23 16,1.1310000000000002,0.0,0.01111111111111112,0.0,0.019999999999999796,0.019999999999999796
tau1,2,07-23 19,1.065,1.200000000000001,0.02222222222222224,0.020000000000000018,-0.010000000000000009,0.020000000000000018
tau1,2,07-23 21,1.0274545454545454,1.200000000000001,0.03673469387755105,0.020000000000000018,0.0,0.040000000000000036
tau1,2,07-23 22,1.01075,1.200000000000001,0.0,0.020000000000000018,-0.010000000000000009,0.010000000000000009
tau1,2,07-23 23,0.9908333333333335,1.200000000000001,0.01111111111111112,0.020000000000000018,-0.020000000000000018,0.020000000000000018
tau1,2,07-24 00,0.9746666666666666,1.200000000000001,0.01111111111111112,0.020000000000000018,-0.010000000000000009,0.020000000000000018
tau1,2,07-24 01,0.9587500000000001,0.6000000000000005,0.0,0.010000000000000009,-0.010000000000000009,0.010000000000000009
tau1,2,07-24 02,0.94,1.1999999999999944,0.01111111111111112,0.019999999999999907,-0.019999999999999907,0.019999999999999907
tau1,3,07-24 04,1.1602500000000002,1.200000000000001,0.01111111111111112,0.020000000000000018,0.0,0.030000000000000027
tau1,3,07-24 05,1.1330000000000002,1.1999999999999877,0.01111111111111112,0.019999999999999796,-0.010000000000000009,0.019999999999999796
tau1,3,07-24 08,1.069666666666667,1.8000000000000016,0.01111111111111112,0.030000000000000027,-0.020000000000000018,0.020000000000000018
tau1,3,07-24 09,1.0500833333333335,1.200000000000001,0.0,0.020000000000000018,-0.010000000000000009,0.010000000000000009
tau1,3,07-24 10,1.0326666666666668,-1.200000000000001,0.01111111111111112,-0.020000000000000018,0.010000000000000009,0.020000000000000018
tau1,3,07-24 11,1.0163333333333333,-0.6000000000000005,0.01111111111111112,-0.010000000000000009,0.0,0.020000000000000018
tau1,3,07-24 12,1.0022727272727274,-0.6000000000000005,0.0,-0.010000000000000009,0.0,0.010000000000000009
tau1,4,07-24 17,1.1565833333333335,1.200000000000001,0.01111111111111112,0.020000000000000018,0.0,0.030000000000000027
tau1,4,07-24 18,1.1320000000000003,1.1999999999999877,0.01111111111111112,0.019999999999999796,-0.010000000000000009,0.019999999999999796
tau1,4,07-24 19,1.111818181818182,1.200000000000001,0.0,0.020000000000000018,0.0,0.020000000000000018
tau1,4,07-24 22,1.0534166666666667,1.200000000000001,0.01111111111111112,0.020000000000000018,-0.020000000000000018,0.010000000000000009
tau1,4,07-25 00,1.021833333333333,1.200000000000001,0.01111111111111112,0.020000000000000018,-0.010000000000000009,0.020000000000000018
tau1,4,07-25 01,1.0061666666666667,1.8000000000000016,0.0,0.030000000000000027,-0.020000000000000018,0.020000000000000018
tau1,4,07-25 05,0.9444166666666666,-0.5999999999999939,0.01111111111111112,-0.009999999999999898,0.0,0.010000000000000009
tau1,5,07-25 07,1.1606363636363637,1.200000000000001,0.012244897959183685,0.020000000000000018,0.0,0.030000000000000027
tau1,5,07-25 08,1.1335454545454544,0.5999999999999872,2.718913529694261e-16,0.009999999999999787,0.0,0.010000000000000009
tau1,5,07-25 09,1.1147500000000001,1.200000000000001,0.022222222222221994,0.020000000000000018,-0.010000000000000009,0.029999999999999805
tau1,5,07-25 10,1.0947272727272728,1.200000000000001,0.012244897959183685,0.020000000000000018,-0.010000000000000009,0.020000000000000018
tau1,5,07-25 11,1.0754166666666667,0.6000000000000005,0.0,0.010000000000000009,-0.010000000000000009,0.010000000000000009
tau1,5,07-25 12,1.0613636363636363,0.6000000000000005,0.02448979591836737,0.010000000000000009,0.010000000000000009,0.030000000000000027
tau1,5,07-25 14,1.0275833333333335,0.0,0.01111111111111112,0.0,0.020000000000000018,0.010000000000000009
tau1,5,07-25 15,1.011,0.0,0.02222222222222224,0.0,0.030000000000000027,0.020000000000000018
tau1,6,07-25 22,1.1580833333333336,0.0,0.01111111111111112,0.0,0.030000000000000027,0.030000000000000027
tau1,6,07-25 23,1.1328333333333336,0.5999999999999872,0.01111111111111112,0.009999999999999787,0.0,0.019999999999999796
tau1,6,07-26 00,1.112542372881356,1.200000000000001,0.011320754716981142,0.020000000000000018,-0.010000000000000009,0.020000000000000018
tau1,6,07-26 01,1.0912280701754387,1.200000000000001,0.011764705882352951,0.020000000000000018,-0.010000000000000009,0.020000000000000018
tau1,6,07-26 02,1.0734166666666667,1.200000000000001,0.0,0.020000000000000018,-0.010000000000000009,0.010000000000000009
tau1,6,07-26 03,1.0576666666666668,1.200000000000001,0.01111111111111112,0.020000000000000018,-0.010000000000000009,0.020000000000000018
tau1,6,07-26 04,1.0413333333333332,0.6000000000000005,0.02222222222222224,0.010000000000000009,0.0,0.020000000000000018
tau1,6,07-26 05,1.0257500000000002,0.6000000000000005,0.01111111111111112,0.010000000000000009,-0.010000000000000009,0.010000000000000009
tau1,6,07-26 07,0.9972500000000001,1.200000000000001,0.0,0.020000000000000018,-0.020000000000000018,0.010000000000000009
tau1,6,07-26 09,0.9692857142857142,1.8000000000000016,0.0,0.030000000000000027,-0.020000000000000018,0.0
tau1,6,07-26 11,0.9408333333333333,0.0,0.02222222222222212,0.0,0.009999999999999898,0.019999999999999907
tau1,7,07-26 13,1.1629999999999998,0.0,0.0,0.0,0.020000000000000018,0.020000000000000018
tau1,7,07-26 14,1.138583333333333,0.0,0.01111111111111112,0.0,0.029999999999999805,0.029999999999999805
tau1,7,07-26 15,1.116916666666667,0.0,0.0,0.0,0.020000000000000018,0.010000000000000009
tau1,7,07-26 17,1.0825833333333332,1.200000000000001,0.0,0.020000000000000018,-0.020000000000000018,0.010000000000000009
tau1,7,07-26 19,1.0506666666666666,1.200000000000001,0.02222222222222224,0.020000000000000018,-0.020000000000000018,0.020000000000000018
tau1,7,07-26 21,1.0225892857142855,1.200000000000001,0.0,0.020000000000000018,-0.010000000000000009,0.010000000000000009
tau1,7,07-26 22,1.00775,1.200000000000001,0.01111111111111112,0.020000000000000018,-0.010000000000000009,0.010000000000000009
tau1,7,07-26 23,0.992416666666667,1.200000000000001,0.01111111111111112,0.020000000000000018,-0.020000000000000018,0.010000000000000009
tau5,1,07-27 10,1.1126666666666665,0.3600000000000003,0.01200000000000001,0.010000000000000009,-0.010000000000000009,0.039999999999999813
tau5,1,07-27 11,1.073666666666667,0.3600000000000003,0.02400000000000002,0.020000000000000018,-0.010000000000000009,0.040000000000000036
tau5,1,07-27 12,1.0351666666666668,0.4800000000000004,0.01200000000000001,0.020000000000000018,-0.010000000000000009,0.040000000000000036
tau5,1,07-27 13,1.0029464285714287,0.3600000000000003,0.013043478260869577,0.020000000000000018,-0.010000000000000009,0.030000000000000027
tau5,1,07-27 14,0.9655000000000002,0.4800000000000004,0.01200000000000001,0.020000000000000018,-0.010000000000000009,0.040000000000000036
tau5,1,07-27 15,0.9295833333333334,0.359999999999999,0.01200000000000001,0.019999999999999907,-0.010000000000000009,0.029999999999999916
tau5,2,07-27 17,1.1019166666666667,0.3600000000000003,0.023999999999999754,0.020000000000000018,-0.010000000000000009,0.04999999999999982
tau5,2,07-27 18,1.0606666666666666,0.4800000000000004,0.0,0.030000000000000027,-0.010000000000000009,0.040000000000000036
tau5,2,07-27 19,1.0225892857142858,0.4800000000000004,0.0,0.020000000000000018,-0.010000000000000009,0.030000000000000027
tau5,2,07-27 20,0.9917499999999999,0.3600000000000003,0.0,0.020000000000000018,-0.010000000000000009,0.030000000000000027
tau5,2,07-27 21,0.9605833333333336,0.1200000000000001,0.0,0.010000000000000009,0.0,0.030000000000000027
tau5,3,07-27 23,1.1245535714285715,0.47999999999999776,0.013043478260869577,0.019999999999999796,-0.010000000000000009,0.04999999999999982
tau5,3,07-28 00,1.0859999999999999,0.0,0.02400000000000002,0.0,0.010000000000000009,0.040000000000000036
tau5,3,07-28 01,1.05125,0.1200000000000001,0.0,0.010000000000000009,0.0,0.030000000000000027
tau5,3,07-28 02,1.02,0.0,0.02400000000000002,0.0,0.0,0.040000000000000036
tau5,3,07-28 04,0.9575000000000001,0.3600000000000003,0.02400000000000002,0.020000000000000018,0.0,0.040000000000000036
tau5,4,07-28 06,1.1225,0.47999999999999776,0.01200000000000001,0.019999999999999796,-0.010000000000000009,0.039999999999999813
tau5,4,07-28 07,1.0850000000000002,0.4800000000000004,0.013043478260869577,0.020000000000000018,-0.010000000000000009,0.040000000000000036
tau5,4,07-28 08,1.0530833333333334,0.4800000000000004,0.01200000000000001,0.020000000000000018,-0.010000000000000009,0.030000000000000027
tau5,4,07-28 09,1.0208035714285713,0.3600000000000003,0.013043478260869577,0.010000000000000009,-0.020000000000000018,0.030000000000000027
tau5,4,07-28 10,0.9940833333333333,0.4800000000000004,0.01200000000000001,0.020000000000000018,-0.020000000000000018,0.030000000000000027
tau5,4,07-28 11,0.9635833333333336,0.3600000000000003,0.01200000000000001,0.020000000000000018,-0.010000000000000009,0.030000000000000027
tau5,5,07-28 13,1.12175,0.23999999999999755,0.0,0.009999999999999787,-0.010000000000000009,0.029999999999999805
tau5,5,07-28 14,1.080916666666667,0.3600000000000003,0.03600000000000003,0.020000000000000018,-0.010000000000000009,0.050000000000000044
tau5,5,07-28 15,1.0454545454545454,0.3600000000000003,0.0,0.020000000000000018,-0.010000000000000009,0.020000000000000018
tau5,5,07-28 16,1.0135833333333333,0.2400000000000002,0.02400000000000002,0.010000000000000009,-0.010000000000000009,0.030000000000000027
tau5,5,07-28 17,0.9827499999999998,0.4800000000000004,0.0,0.020000000000000018,-0.010000000000000009,0.030000000000000027
tau5,5,07-28 18,0.9525833333333331,0.359999999999999,0.0,0.010000000000000009,-0.009999999999999898,0.030000000000000027
tau5,6,07-28 20,1.1179999999999999,0.35999999999999766,0.0,0.019999999999999796,0.0,0.039999999999999813
tau5,6,07-28 21,1.08375,0.4800000000000004,0.0,0.020000000000000018,-0.010000000000000009,0.030000000000000027
tau5,6,07-28 22,1.0530833333333334,0.3600000000000003,0.02400000000000002,0.020000000000000018,-0.010000000000000009,0.030000000000000027
tau5,6,07-28 23,1.0230833333333333,0.3600000000000003,0.01200000000000001,0.020000000000000018,-0.010000000000000009,0.030000000000000027
tau5,6,07-29 00,0.9955833333333335,0.0,0.01200000000000001,0.010000000000000009,0.0,0.030000000000000027
tau5,6,07-29 01,0.9681355932203389,0.0,0.0,0.0,0.0,0.020000000000000018
tau5,7,07-29 04,1.1156666666666666,0.47999999999999776,0.01200000000000001,0.019999999999999796,-0.010000000000000009,0.039999999999999813
tau5,7,07-29 05,1.0820833333333335,0.3600000000000003,0.01200000000000001,0.010000000000000009,-0.010000000000000009,0.030000000000000027
tau5,7,07-29 06,1.0515833333333333,0.3600000000000003,0.01200000000000001,0.010000000000000009,-0.010000000000000009,0.030000000000000027
tau5,7,07-29 07,1.0222499999999999,0.4800000000000004,0.01200000000000001,0.030000000000000027,-0.010000000000000009,0.030000000000000027
tau5,7,07-29 08,0.9972499999999999,0.2400000000000002,0.01200000000000001,0.010000000000000009,-0.010000000000000009,0.030000000000000027
tau5,7,07-29 09,0.961916666666667,0.3600000000000003,0.0,0.020000000000000018,-0.020000000000000018,0.030000000000000027
tau5,7,07-29 10,0.9368333333333332,0.23999999999999888,0.0,0.009999999999999898,-0.010000000000000009,0.019999999999999907
tau5,8,07-29 12,1.1139166666666662,0.35999999999999766,0.0,0.019999999999999796,-0.010000000000000009,0.029999999999999805
tau5,8,07-29 13,1.0779166666666666,0.4800000000000004,0.0,0.030000000000000027,-0.010000000000000009,0.030000000000000027
tau5,8,07-29 14,1.0479166666666666,0.3600000000000003,0.0,0.020000000000000018,-0.010000000000000009,0.030000000000000027
tau5,8,07-29 15,1.0212499999999998,0.3600000000000003,0.01200000000000001,0.020000000000000018,-0.010000000000000009,0.030000000000000027
tau5,8,07-29 16,0.9956666666666668,0.3600000000000003,0.0,0.020000000000000018,0.0,0.020000000000000018
tau5,8,07-29 17,0.9689166666666668,0.3600000000000003,0.01200000000000001,0.020000000000000018,-0.010000000000000009,0.030000000000000027
tau5,8,07-29 18,0.9454166666666666,0.359999999999999,0.011999999999999877,0.020000000000000018,-0.009999999999999898,0.029999999999999916
tau5,9,07-29 21,1.0899166666666666,0.3600000000000003,0.02400000000000002,0.020000000000000018,-0.020000000000000018,0.030000000000000027
tau5,9,07-29 22,1.0585,0.3600000000000003,0.02400000000000002,0.020000000000000018,-0.010000000000000009,0.040000000000000036
tau5,9,07-29 23,1.0296666666666667,0.3600000000000003,0.0,0.030000000000000027,-0.010000000000000009,0.020000000000000018
tau10,1,07-30 10,1.0958333333333334,0.18000000000000016,0.0,0.020000000000000018,-0.010000000000000009,0.020000000000000018
tau10,1,07-30 11,1.0525833333333334,0.30000000000000027,0.013333333333333345,0.020000000000000018,-0.010000000000000009,0.050000000000000044
tau10,1,07-30 12,1.017767857142857,0.18000000000000016,0.014634146341463428,0.010000000000000009,-0.010000000000000009,0.030000000000000027
tau10,1,07-30 13,0.9876785714285715,0.18000000000000016,0.013953488372093035,0.020000000000000018,0.0,0.040000000000000036
tau10,1,07-30 14,0.9465454545454544,0.18000000000000016,0.014634146341463265,0.010000000000000009,0.0,0.039999999999999925
tau10,2,07-30 16,1.1004999999999998,0.23999999999999888,2.9605947323337506e-16,0.019999999999999796,-0.010000000000000009,0.040000000000000036
tau10,2,07-30 17,1.0579464285714286,0.18000000000000016,0.014634146341463428,0.010000000000000009,-0.010000000000000009,0.030000000000000027
tau10,2,07-30 18,1.0206666666666664,0.2400000000000002,0.0,0.030000000000000027,0.0,0.040000000000000036
tau10,2,07-30 19,0.9854166666666664,0.06000000000000005,-0.013333333333333345,0.0,0.0,0.030000000000000027
tau10,2,07-30 20,0.9546666666666667,0.06000000000000005,0.013333333333333345,0.0,0.0,0.040000000000000036
tau10,3,07-30 22,1.1083333333333332,0.06000000000000005,0.0,0.010000000000000009,0.010000000000000009,0.039999999999999813
tau10,3,07-30 23,1.0710833333333334,0.1200000000000001,-0.013333333333333345,0.0,0.0,0.030000000000000027
tau10,3,07-31 00,1.0362500000000001,0.06000000000000005,0.02666666666666669,0.0,0.0,0.050000000000000044
tau10,3,07-31 01,1.0013636363636365,0.30000000000000027,-0.015384615384615398,0.020000000000000018,-0.020000000000000018,0.030000000000000027
tau10,3,07-31 02,0.9664166666666667,0.2400000000000002,0.0,0.020000000000000018,-0.010000000000000009,0.030000000000000027
tau10,3,07-31 03,0.9326666666666666,0.2999999999999996,0.02666666666666669,0.029999999999999916,-0.010000000000000009,0.039999999999999925
tau10,4,07-31 05,1.0954166666666665,0.2400000000000002,0.01333333333333305,0.020000000000000018,-0.010000000000000009,0.04999999999999982
tau10,4,07-31 06,1.0567543859649122,0.2400000000000002,0.0,0.020000000000000018,-0.010000000000000009,0.030000000000000027
tau10,4,07-31 07,1.021186440677966,0.18000000000000016,0.0272727272727273,0.010000000000000009,-0.010000000000000009,0.040000000000000036
tau10,4,07-31 08,0.9891071428571429,0.1200000000000001,0.029268292682926855,0.020000000000000018,0.0,0.040000000000000036
tau10,4,07-31 09,0.9499166666666664,0.2400000000000002,0.0,0.020000000000000018,-0.010000000000000009,0.030000000000000027
tau10,5,07-31 11,1.0971666666666666,0.2400000000000002,0.013333333333333345,0.020000000000000018,-0.020000000000000018,0.040000000000000036
tau10,5,07-31 12,1.0604464285714286,0.18000000000000016,0.014634146341463428,0.010000000000000009,-0.010000000000000009,0.030000000000000027
tau10,5,07-31 13,1.017333333333333,0.2400000000000002,0.0,0.020000000000000018,-0.010000000000000009,0.040000000000000036
tau10,5,07-31 14,0.9837499999999998,0.18000000000000016,0.013333333333333345,0.020000000000000018,-0.010000000000000009,0.030000000000000027
tau10,5,07-31 15,0.9509166666666666,0.23999999999999955,-0.013333333333333345,0.010000000000000009,-0.019999999999999907,0.030000000000000027
tau10,6,07-31 17,1.1079999999999999,0.23999999999999888,0.013333333333333345,0.019999999999999796,-0.010000000000000009,0.039999999999999813
tau10,6,07-31 19,1.0362500000000001,0.2400000000000002,0.0,0.020000000000000018,-0.010000000000000009,0.030000000000000027
tau10,6,07-31 20,1.0021666666666667,0.18000000000000016,0.013333333333333345,0.020000000000000018,0.0,0.040000000000000036
tau10,6,07-31 21,0.9679166666666666,0.2400000000000002,0.013333333333333345,0.020000000000000018,-0.010000000000000009,0.030000000000000027
tau10,6,07-31 22,0.9362499999999999,0.23999999999999955,0.0,0.020000000000000018,-0.010000000000000009,0.029999999999999916
tau10,7,08-01 00,1.0960169491525424,0.2400000000000002,0.0,0.020000000000000018,-0.010000000000000009,0.030000000000000027
tau10,7,08-01 01,1.0619999999999998,0.2400000000000002,0.02666666666666669,0.0,0.0,0.040000000000000036
tau10,7,08-01 02,1.0282727272727277,0.18000000000000016,0.0142857142857143,0.0,-0.010000000000000009,0.030000000000000027
tau10,7,08-01 03,0.9915833333333334,0.2400000000000002,0.0,0.020000000000000018,-0.010000000000000009,0.030000000000000027
tau10,7,08-01 04,0.9593333333333335,0.18000000000000016,0.02666666666666669,0.020000000000000018,-0.010000000000000009,0.040000000000000036
tau10,8,08-01 06,1.1229166666666666,0.359999999999999,0.013333333333333345,0.020000000000000018,-0.010000000000000009,0.04999999999999982
tau10,8,08-01 07,1.0828333333333335,0.18000000000000016,0.013333333333333345,0.010000000000000009,-0.010000000000000009,0.040000000000000036
tau10,8,08-01 08,1.0490833333333331,0.18000000000000016,0.013333333333333345,0.010000000000000009,-0.010000000000000009,0.030000000000000027
tau10,8,08-01 09,1.0185833333333332,0.18000000000000016,0.013333333333333345,0.020000000000000018,-0.010000000000000009,0.030000000000000027
tau10,8,08-01 10,0.9821666666666666,0.30000000000000027,0.013333333333333345,0.030000000000000027,-0.010000000000000009,0.040000000000000036
tau10,8,08-01 11,0.9523214285714285,0.23999999999999955,0.0,0.020000000000000018,-0.019999999999999907,0.020000000000000018
tau10,9,08-01 13,1.11375,0.29999999999999893,0.014634146341463428,0.019999999999999796,-0.020000000000000018,0.039999999999999813
tau10,9,08-01 14,1.0764285714285715,0.2400000000000002,0.029268292682926855,0.020000000000000018,-0.010000000000000009,0.040000000000000036
tau10,9,08-01 15,1.0425,0.2400000000000002,-0.013333333333333345,0.020000000000000018,-0.010000000000000009,0.020000000000000018
tau10,9,08-01 16,1.0136666666666665,0.18000000000000016,0.013333333333333345,0.020000000000000018,-0.010000000000000009,0.040000000000000036
tau10,9,08-01 17,0.9810833333333334,0.18000000000000016,0.013333333333333345,0.020000000000000018,-0.010000000000000009,0.030000000000000027
tau10,9,08-01 18,0.9526785714285715,0.18000000000000016,0.0,0.010000000000000009,-0.010000000000000009,0.020000000000000018
tau10,10,08-01 20,1.1089999999999998,0.0,0.013333333333333345,0.0,0.0,0.039999999999999813
tau10,10,08-01 21,1.0785833333333334,0.0,0.013333333333333345,0.0,0.0,0.030000000000000027
tau10,10,08-01 22,1.0495535714285715,0.0,0.014634146341463428,0.0,0.0,0.030000000000000027
tau10,10,08-01 23,1.015508474576271,0.18000000000000016,0.0,0.020000000000000018,-0.010000000000000009,0.030000000000000027
tau10,10,08-02 00,0.9857499999999998,0.18000000000000016,0.0,0.020000000000000018,-0.010000000000000009,0.030000000000000027
tau10,10,08-02 01,0.9576666666666667,0.18000000000000016,0.040000000000000036,0.020000000000000018,-0.010000000000000009,0.040000000000000036
tau10,11,08-02 04,1.0849166666666668,0.18000000000000016,0.0,0.020000000000000018,-0.010000000000000009,0.030000000000000027
tau10,11,08-02 05,1.05375,0.18000000000000016,0.0,0.010000000000000009,-0.010000000000000009,0.030000000000000027
tau10,11,08-02 06,1.02625,0.0,0.0,-0.010000000000000009,-0.010000000000000009,0.030000000000000027
tau10,11,08-02 07,0.9917857142857144,0.1200000000000001,0.014634146341463428,0.020000000000000018,0.0,0.040000000000000036
tau10,11,08-02 08,0.9653333333333333,0.0,0.0,0.010000000000000009,0.010000000000000009,0.020000000000000018
tau10,11,08-02 09,0.9399090909090909,0.0,0.014285714285714141,0.0,0.0,0.009999999999999898
tau10,12,08-02 12,1.0738392857142858,0.2400000000000002,0.0285714285714286,0.020000000000000018,-0.020000000000000018,0.050000000000000044
tau10,12,08-02 13,1.0468333333333333,0.2400000000000002,-0.013333333333333345,0.020000000000000018,-0.020000000000000018,0.020000000000000018
tau10,12,08-02 14,1.01775,0.18000000000000016,0.0,0.030000000000000027,-0.010000000000000009,0.030000000000000027
tau10,12,08-02 15,0.9943333333333335,0.18000000000000016,0.013333333333333345,0.020000000000000018,-0.010000000000000009,0.020000000000000018
tau10,12,08-02 16,0.96275,0.2400000000000002,0.0,0.020000000000000018,-0.020000000000000018,0.030000000000000027
tau10,12,08-02 17,0.9364166666666666,0.23999999999999955,0.013333333333333345,0.029999999999999916,-0.019999999999999907,0.029999999999999916
tau10,13,08-02 20,1.075948275862069,0.18000000000000016,0.0,0.010000000000000009,-0.010000000000000009,0.030000000000000027
tau10,13,08-02 21,1.0523214285714284,0.18000000000000016,0.029268292682926855,0.020000000000000018,-0.010000000000000009,0.040000000000000036
tau10,13,08-02 22,1.0193333333333332,0.2400000000000002,-0.02666666666666669,0.020000000000000018,-0.010000000000000009,0.020000000000000018
tau10,13,08-02 23,0.9949166666666668,0.18000000000000016,0.013333333333333345,0.020000000000000018,-0.020000000000000018,0.030000000000000027
tau10,13,08-03 00,0.9729166666666668,0.18000000000000016,0.013333333333333345,0.020000000000000018,-0.010000000000000009,0.030000000000000027
tau10,13,08-03 01,0.9428333333333334,0.23999999999999955,0.0,0.020000000000000018,-0.019999999999999907,0.020000000000000018
