time,folder,cond,dur_hr,rb,k,peq,rmse,total_rate,dORP
2026-01-09 00:00,0109-0123_H2_1CO2_1,1:1,5.17,-0.143538,0.010,-15.9090,0.00462,0.02128,-35.0
2026-01-09 05:22,0109-0123_H2_1CO2_1,1:1,40.38,-0.003826,0.070,0.5291,0.00930,0.01387,-93.0
2026-01-10 22:01,0109-0123_H2_1CO2_1,1:1,59.49,0.001923,0.090,0.8341,0.00819,0.00824,-125.0
2026-01-13 09:35,0109-0123_H2_1CO2_1,1:1,58.14,0.002014,0.130,0.8376,0.00963,0.00963,-97.0
2026-01-15 19:49,0109-0123_H2_1CO2_1,1:1,63.95,0.002080,0.130,0.8481,0.00949,0.00876,-74.0
2026-01-18 12:03,0109-0123_H2_1CO2_1,1:1,56.90,0.001864,0.130,0.8266,0.00721,0.00668,-254.0
2026-01-20 21:02,0109-0123_H2_1CO2_1,1:1,63.26,0.001868,0.130,0.8465,0.00905,0.00854,-248.0
2026-03-01 00:00,0301-0416_無循環與有循環_5mins,pump_off,17.14,0.011450,0.240,0.9093,0.00527,0.01283,39.0
2026-03-01 17:14,0301-0416_無循環與有循環_5mins,pump_off,25.62,0.007417,0.060,0.8617,0.00553,0.01405,-56.0
2026-03-02 18:59,0301-0416_無循環與有循環_5mins,pump_off,18.59,0.012539,0.190,1.0299,0.01294,0.03496,-124.0
2026-03-03 13:42,0301-0416_無循環與有循環_5mins,pump_off,8.66,0.014226,1.380,0.8397,0.00540,0.01617,-145.0
2026-03-03 22:26,0301-0416_無循環與有循環_5mins,pump_off,21.76,0.013352,0.160,1.0048,0.00525,0.01654,-82.0
2026-03-04 20:17,0301-0416_無循環與有循環_5mins,pump_off,23.03,0.012208,0.130,0.9935,0.00537,0.01563,-65.0
2026-03-05 19:24,0301-0416_無循環與有循環_5mins,pump_off,24.15,0.011877,0.140,0.9994,0.00514,0.01532,-46.0
2026-03-06 19:39,0301-0416_無循環與有循環_5mins,pump_off,25.15,0.011580,0.150,1.0022,0.00507,0.01432,-78.0
2026-03-07 20:54,0301-0416_無循環與有循環_5mins,pump_off,26.50,0.010613,0.120,0.9901,0.00523,0.01396,-112.0
2026-03-08 23:28,0301-0416_無循環與有循環_5mins,pump_off,28.18,0.002576,0.010,-0.0574,0.00519,0.01171,-161.0
2026-03-10 03:44,0301-0416_無循環與有循環_5mins,pump_off,12.16,0.014828,0.940,1.0595,0.01340,0.04278,14.0
2026-03-10 15:59,0301-0416_無循環與有循環_5mins,pump_off,12.57,0.013467,1.090,0.8841,0.00497,0.01432,-95.0
2026-03-11 04:39,0301-0416_無循環與有循環_5mins,pump_off,23.13,0.013406,0.180,1.0196,0.00524,0.01600,-79.0
2026-03-12 03:51,0301-0416_無循環與有循環_5mins,pump_off,24.46,0.012091,0.140,1.0049,0.00517,0.01472,-72.0
2026-03-13 04:24,0301-0416_無循環與有循環_5mins,pump_off,25.28,0.011742,0.120,1.0061,0.00506,0.01464,-97.0
2026-03-14 05:46,0301-0416_無循環與有循環_5mins,pump_off,26.85,0.010420,0.100,0.9853,0.00499,0.01341,-73.0
2026-03-15 08:40,0301-0416_無循環與有循環_5mins,pump_off,24.90,0.010816,0.130,1.0076,0.01171,0.02972,-48.0
2026-03-16 09:42,0301-0416_無循環與有循環_5mins,pump_off,12.71,0.011916,0.980,0.8678,0.00507,0.01338,-106.0
2026-03-16 22:28,0301-0416_無循環與有循環_5mins,pump_off,24.70,0.012264,0.190,1.0148,0.00514,0.01498,-119.0
2026-03-17 23:16,0301-0416_無循環與有循環_5mins,pump_off,25.73,0.011790,0.200,1.0158,0.00517,0.01399,-191.0
2026-03-19 01:05,0301-0416_無循環與有循環_5mins,pump_off,13.56,0.014115,0.730,1.0549,0.02309,0.06196,-95.0
2026-03-19 14:53,0301-0416_無循環與有循環_5mins,pump_off,13.79,0.011872,0.700,0.8785,0.00520,0.01233,-177.0
2026-03-20 04:45,0301-0416_無循環與有循環_5mins,pump_off,26.46,0.011472,0.140,1.0143,0.00532,0.01323,-66.0
2026-03-21 07:17,0301-0416_無循環與有循環_5mins,pump_off,27.03,0.008801,0.060,0.9226,0.00503,0.01295,-18.0
2026-03-22 10:23,0301-0416_無循環與有循環_5mins,pump_off,27.80,0.008719,0.070,0.9396,0.00521,0.01295,-63.0
2026-03-23 14:19,0301-0416_無循環與有循環_5mins,pump_off,26.11,0.010470,0.110,1.0035,0.01175,0.02834,-44.0
2026-03-24 23:04,0301-0416_無循環與有循環_5mins,pump_off,25.71,0.010712,0.120,0.9898,0.00563,0.01439,-62.0
2026-03-26 00:52,0301-0416_無循環與有循環_5mins,pump_off,27.30,0.011588,0.190,1.0261,0.00536,0.01355,-103.0
2026-03-27 04:15,0301-0416_無循環與有循環_5mins,pump_off,11.96,0.014280,1.250,1.0608,0.02456,0.06272,-75.0
2026-03-27 22:56,0301-0416_無循環與有循環_5mins,pump_off,27.80,0.011151,0.210,1.0255,0.00501,0.01259,-80.0
2026-03-29 02:49,0301-0416_無循環與有循環_5mins,pump_off,28.25,0.011312,0.190,1.0319,0.00535,0.01274,-26.0
2026-03-30 07:11,0301-0416_無循環與有循環_5mins,pump_off,29.49,0.006817,0.040,0.8451,0.00550,0.01187,-11.0
2026-03-31 12:45,0301-0416_無循環與有循環_5mins,pump_off,24.40,0.011043,0.170,1.0296,0.01528,0.03525,-32.0
2026-04-01 13:17,0301-0416_無循環與有循環_5mins,pump_off,24.20,0.011392,1.000,0.9862,0.00518,0.01240,-113.0
2026-04-02 13:33,0301-0416_無循環與有循環_5mins,pump_off,27.83,0.009187,0.080,0.9578,0.00525,0.01257,-139.0
2026-04-03 17:28,0301-0416_無循環與有循環_5mins,pump_off,28.59,0.010560,0.140,1.0129,0.00520,0.01259,-58.0
2026-04-04 22:09,0301-0416_無循環與有循環_5mins,pump_off,30.25,0.009992,0.150,1.0156,0.00503,0.01223,-13.0
2026-04-06 04:29,0301-0416_無循環與有循環_5mins,pump_off,28.75,0.009820,0.130,1.0213,0.00579,0.01496,-188.0
2026-04-07 11:14,0301-0416_無循環與有循環_5mins,pump_on5,8.07,0.010516,0.080,0.5435,0.00942,0.04460,-55.0
2026-04-07 19:22,0301-0416_無循環與有循環_5mins,pump_on5,7.94,0.001302,0.070,0.3303,0.00825,0.03905,-57.0
2026-04-08 03:24,0301-0416_無循環與有循環_5mins,pump_on5,8.89,0.027478,0.270,0.9521,0.00702,0.03488,-55.0
2026-04-08 12:21,0301-0416_無循環與有循環_5mins,pump_on5,8.99,-0.109534,0.010,-14.0301,0.00714,0.03338,-21.0
2026-04-08 21:25,0301-0416_無循環與有循環_5mins,pump_on5,10.71,0.026833,0.520,0.9950,0.00749,0.03269,-8.0
2026-04-09 08:14,0301-0416_無循環與有循環_5mins,pump_on5,11.06,0.021224,0.150,0.9253,0.00817,0.03346,-38.0
2026-04-09 19:21,0301-0416_無循環與有循環_5mins,pump_on5,11.96,0.010235,0.080,0.7213,0.00675,0.02676,-28.0
2026-04-10 07:24,0301-0416_無循環與有循環_5mins,pump_on5,13.18,-0.037182,0.010,-5.6104,0.00773,0.02353,-42.0
2026-04-10 20:38,0301-0416_無循環與有循環_5mins,pump_on5,14.09,-0.007659,0.040,0.0549,0.00644,0.02484,-37.0
2026-04-11 10:49,0301-0416_無循環與有循環_5mins,pump_on5,15.83,0.016393,0.330,0.9706,0.00805,0.02338,-19.0
2026-04-12 02:42,0301-0416_無循環與有循環_5mins,pump_on5,17.25,0.008124,0.090,0.8092,0.00634,0.01798,38.0
2026-04-12 20:03,0301-0416_無循環與有循環_5mins,pump_on5,16.88,0.014407,0.370,0.9733,0.00772,0.01955,-25.0
2026-04-13 13:02,0301-0416_無循環與有循環_5mins,pump_on5,18.45,0.000789,0.050,0.5285,0.00633,0.01789,-39.0
2026-04-14 07:34,0301-0416_無循環與有循環_5mins,pump_on5,19.90,0.009053,0.130,0.8795,0.00799,0.01809,12.0
2026-04-15 03:32,0301-0416_無循環與有循環_5mins,pump_on5,21.38,0.008575,0.140,0.8858,0.00797,0.01637,-68.0
2026-04-16 01:01,0301-0416_無循環與有循環_5mins,pump_on5,10.62,0.018118,0.650,1.0134,0.02664,0.08001,-97.0
2026-04-20 17:20,0417-0427_有循環_10mins_74%,other,11.61,0.025002,0.750,0.9972,0.00910,0.03015,-133.0
2026-04-21 05:01,0417-0427_有循環_10mins_74%,other,12.04,-0.105974,0.010,-12.8812,0.00696,0.02658,9.0
2026-04-21 17:08,0417-0427_有循環_10mins_74%,other,13.71,-0.121289,0.010,-14.4608,0.00686,0.02261,-23.0
2026-04-22 06:57,0417-0427_有循環_10mins_74%,other,14.12,-0.110492,0.010,-13.2065,0.00734,0.02549,-24.0
2026-04-22 21:09,0417-0427_有循環_10mins_74%,other,15.86,0.009488,0.140,0.8458,0.00710,0.02081,-36.0
2026-04-23 13:07,0417-0427_有循環_10mins_74%,other,18.81,-0.018810,0.040,-0.2354,0.00628,0.01595,-25.0
2026-04-24 08:01,0417-0427_有循環_10mins_74%,other,19.93,-0.018750,0.040,-0.2241,0.00602,0.01606,34.0
2026-04-25 04:00,0417-0427_有循環_10mins_74%,other,19.91,-0.050675,0.020,-2.9770,0.00595,0.01557,-38.0
2026-04-26 00:00,0417-0427_有循環_10mins_74%,other,20.93,-0.018672,0.040,-0.2055,0.00557,0.01529,-34.0
2026-04-26 21:00,0417-0427_有循環_10mins_74%,other,18.79,-0.012784,0.050,0.1376,0.01030,0.02767,-202.0
2026-04-27 00:00,20260727_1min_data,other,15.78,0.002871,0.130,0.7442,0.01072,0.02789,-118.0
2026-04-27 22:32,20260727_1min_data,other,34.39,0.008844,0.150,1.0133,0.00515,0.01076,-17.0
2026-04-29 08:59,20260727_1min_data,other,28.04,0.008437,0.160,1.0310,0.00483,0.00999,33.0
2026-04-30 13:06,20260727_1min_data,other,41.96,0.007397,0.110,1.0225,0.00485,0.00882,3.0
2026-05-02 07:09,20260727_1min_data,other,43.10,0.006857,0.070,1.0070,0.00476,0.00859,-15.0
2026-05-04 02:19,20260727_1min_data,other,43.55,0.006308,0.050,0.9802,0.00492,0.00804,-90.0
2026-05-05 21:58,20260727_1min_data,other,46.06,0.006861,0.080,1.0217,0.00528,0.00803,-583.0
2026-05-07 20:06,20260727_1min_data,other,12.89,0.008945,0.880,1.0650,0.01122,0.03180,684.0
2026-07-01 13:19,20260727_1min_data,other,26.36,0.083052,0.010,9.4682,0.01762,0.00911,-8.0
2026-07-02 15:46,20260727_1min_data,other,22.07,0.034467,0.010,4.0891,0.02739,0.01677,33.0
2026-07-03 15:20,20260727_1min_data,other,25.85,0.003198,1.500,0.7976,0.00459,0.00348,-220.0
2026-07-04 17:16,20260727_1min_data,other,87.16,0.004218,0.050,1.0752,0.00621,0.00539,-128.0
2026-07-08 10:39,20260727_1min_data,other,11.96,-0.001879,0.010,-2.9324,0.01032,0.03679,-88.0
2026-07-08 22:41,20260727_1min_data,other,5.05,0.036661,0.750,1.1098,0.01229,0.04551,19.0
2026-07-09 09:38,20260727_1min_data,other,25.32,-0.021492,0.020,-2.0101,0.00829,0.02251,273.0
2026-07-10 11:02,20260727_1min_data,other,9.27,-0.092654,0.010,-12.0634,0.00997,0.03343,-23.0
2026-07-10 22:02,20260727_1min_data,other,6.09,0.032422,1.500,1.1159,0.01096,0.03121,-54.0
2026-07-11 04:13,20260727_1min_data,other,6.86,-0.103158,0.010,-12.4903,0.00852,0.02626,-11.0
2026-07-11 11:09,20260727_1min_data,other,5.99,0.027872,0.800,1.0936,0.00985,0.03507,16.0
2026-07-11 17:12,20260727_1min_data,other,6.09,0.025070,1.500,0.9156,0.00937,0.02628,12.0
2026-07-11 23:21,20260727_1min_data,other,5.97,0.020030,1.500,0.7623,0.00827,0.02009,22.0
2026-07-12 05:24,20260727_1min_data,other,24.72,-0.001923,0.040,0.1374,0.00725,0.01092,42.0
2026-07-13 09:09,20260727_1min_data,other,4.69,0.013728,0.810,1.0037,0.01393,0.05335,32.0
2026-07-23 09:04,20260727_1min_data,tau1,5.70,-0.074876,0.010,-8.5581,0.00477,0.02104,51.0
2026-07-23 14:50,20260727_1min_data,tau1,12.93,0.016390,0.340,1.1302,0.00488,0.01934,-81.0
2026-07-24 03:50,20260727_1min_data,tau1,12.93,0.016663,0.450,1.1419,0.00489,0.01857,-101.0
2026-07-24 16:50,20260727_1min_data,tau1,13.91,0.012026,0.140,1.0812,0.00458,0.01725,-68.0
2026-07-25 06:49,20260727_1min_data,tau1,9.17,0.015525,0.420,1.1441,0.00501,0.01853,-75.0
2026-07-25 21:50,20260727_1min_data,tau1,14.91,0.012704,0.240,1.1123,0.00466,0.01609,-44.0
2026-07-26 12:50,20260727_1min_data,tau1,15.91,0.013574,0.320,1.1355,0.00490,0.01571,-7.0
2026-07-27 09:24,20260727_1min_data,tau5,6.64,0.025767,0.090,0.9930,0.00783,0.03464,-5.0
2026-07-01 13:19,202607至08最新循環研究,other,26.36,0.083052,0.010,9.4682,0.01762,0.00911,-8.0
2026-07-02 15:46,202607至08最新循環研究,other,22.09,0.034153,0.010,4.0541,0.02739,0.01675,-11.0
2026-07-03 15:20,202607至08最新循環研究,other,25.85,0.003198,1.500,0.7976,0.00459,0.00348,-220.0
2026-07-04 17:16,202607至08最新循環研究,other,87.16,0.004218,0.050,1.0752,0.00621,0.00539,-128.0
2026-07-08 10:39,202607至08最新循環研究,other,11.96,-0.001879,0.010,-2.9324,0.01032,0.03679,-88.0
2026-07-08 22:41,202607至08最新循環研究,other,5.05,0.036661,0.750,1.1098,0.01229,0.04551,19.0
2026-07-09 09:38,202607至08最新循環研究,other,25.32,-0.021492,0.020,-2.0101,0.00829,0.02251,273.0
2026-07-10 11:02,202607至08最新循環研究,other,9.29,-0.093240,0.010,-12.1269,0.00997,0.03337,-3.0
2026-07-10 22:02,202607至08最新循環研究,other,6.09,0.032422,1.500,1.1159,0.01096,0.03121,-54.0
2026-07-11 04:13,202607至08最新循環研究,other,6.86,-0.103158,0.010,-12.4903,0.00852,0.02626,-11.0
2026-07-11 11:09,202607至08最新循環研究,other,5.99,0.027872,0.800,1.0936,0.00985,0.03507,16.0
2026-07-11 17:12,202607至08最新循環研究,other,6.09,0.025070,1.500,0.9156,0.00937,0.02628,12.0
2026-07-11 23:21,202607至08最新循環研究,other,5.97,0.020030,1.500,0.7623,0.00827,0.02009,22.0
2026-07-12 05:24,202607至08最新循環研究,other,24.72,-0.001923,0.040,0.1374,0.00725,0.01092,42.0
2026-07-13 09:09,202607至08最新循環研究,other,4.69,0.013728,0.810,1.0037,0.01393,0.05335,32.0
2026-07-23 09:04,202607至08最新循環研究,tau1,5.70,-0.074876,0.010,-8.5581,0.00477,0.02104,51.0
2026-07-23 14:50,202607至08最新循環研究,tau1,12.91,0.016380,0.340,1.1298,0.00487,0.01937,-118.0
2026-07-24 03:50,202607至08最新循環研究,tau1,12.91,0.016654,0.450,1.1416,0.00489,0.01859,-99.0
2026-07-24 16:50,202607至08最新循環研究,tau1,13.91,0.012026,0.140,1.0812,0.00458,0.01725,-68.0
2026-07-25 06:49,202607至08最新循環研究,tau1,9.17,0.015525,0.420,1.1441,0.00501,0.01853,-75.0
2026-07-25 21:50,202607至08最新循環研究,tau1,14.91,0.012704,0.240,1.1123,0.00466,0.01609,-44.0
2026-07-26 12:50,202607至08最新循環研究,tau1,15.91,0.013574,0.320,1.1355,0.00490,0.01571,-7.0
2026-07-27 09:24,202607至08最新循環研究,tau5,6.69,-0.069406,0.010,-9.7944,0.00784,0.03438,7.0
2026-07-27 16:10,202607至08最新循環研究,tau5,6.20,0.030148,0.770,1.1185,0.00934,0.04352,-27.0
2026-07-27 22:27,202607至08最新循環研究,tau5,6.91,0.021766,0.190,1.0515,0.00844,0.03476,-1.0
2026-07-28 05:27,202607至08最新循環研究,tau5,6.92,0.027008,0.450,1.1227,0.00851,0.03323,-5.0
2026-07-28 12:27,202607至08最新循環研究,tau5,6.90,-0.227483,0.010,-25.8334,0.00763,0.03041,5.0
2026-07-28 19:26,202607至08最新循環研究,tau5,7.89,0.023220,0.230,1.0901,0.00875,0.02916,-113.0
2026-07-29 03:25,202607至08最新循環研究,tau5,7.92,-0.071026,0.010,-9.3260,0.00793,0.02651,-101.0
2026-07-29 11:25,202607至08最新循環研究,tau5,7.92,0.018872,0.240,1.0620,0.00796,0.02651,-4.0
2026-07-29 19:25,202607至08最新循環研究,tau5,8.91,-0.126693,0.010,-14.8537,0.00757,0.02246,-174.0
2026-07-30 04:25,202607至08最新循環研究,tau10,4.64,1.242548,0.010,124.7089,0.05361,0.19841,-179.0
2026-07-30 09:12,202607至08最新循環研究,tau10,6.00,-0.009776,0.010,-3.5247,0.00847,0.03664,-264.0
2026-07-30 15:16,202607至08最新循環研究,tau10,5.94,-0.265610,0.010,-30.0055,0.00911,0.03706,-184.0
2026-07-30 21:16,202607至08最新循環研究,tau10,6.87,-0.073509,0.010,-10.0881,0.01037,0.03202,-132.0
2026-07-31 04:13,202607至08最新循環研究,tau10,5.94,0.032092,0.070,1.0754,0.00900,0.03537,-67.0
2026-07-31 10:14,202607至08最新循環研究,tau10,5.94,-0.150663,0.010,-18.0986,0.00965,0.03706,-93.0
2026-07-31 16:15,202607至08最新循環研究,tau10,6.89,-0.102877,0.010,-13.0434,0.00991,0.03049,-128.0
2026-07-31 23:13,202607至08最新循環研究,tau10,6.07,0.034381,1.500,1.1385,0.00941,0.03459,-101.0
2026-08-01 05:22,202607至08最新循環研究,tau10,6.85,0.029625,0.660,1.1330,0.01003,0.03793,-45.0
2026-08-01 12:17,202607至08最新循環研究,tau10,6.87,-0.139187,0.010,-16.5539,0.00858,0.03202,-109.0
2026-08-01 19:14,202607至08最新循環研究,tau10,7.06,-0.008308,0.010,-2.8775,0.00935,0.02976,-107.0
2026-08-02 02:24,202607至08最新循環研究,tau10,7.76,0.027268,1.030,1.1321,0.01042,0.03223,19.0
2026-08-02 10:13,202607至08最新循環研究,tau10,7.92,-0.028928,0.010,-4.7551,0.00933,0.02398,-159.0
2026-08-02 18:13,202607至08最新循環研究,tau10,7.94,0.023835,0.320,1.1136,0.00933,0.02897,-181.0
2026-08-03 04:36,202607至08最新循環研究,tau10,4.59,1.027736,0.010,102.8922,0.04485,0.14824,-32.0
2026-04-27 00:00,data,other,15.78,0.002871,0.130,0.7442,0.01072,0.02789,-118.0
2026-04-27 22:32,data,other,34.39,0.008844,0.150,1.0133,0.00515,0.01076,-17.0
2026-04-29 08:59,data,other,28.04,0.008437,0.160,1.0310,0.00483,0.00999,33.0
2026-04-30 13:06,data,other,41.96,0.007397,0.110,1.0225,0.00485,0.00882,3.0
2026-05-02 07:09,data,other,43.10,0.006857,0.070,1.0070,0.00476,0.00859,-15.0
2026-05-04 02:19,data,other,43.55,0.006308,0.050,0.9802,0.00492,0.00804,-90.0
2026-05-05 21:58,data,other,46.06,0.006861,0.080,1.0217,0.00528,0.00803,-583.0
2026-05-07 20:06,data,other,12.89,0.008945,0.880,1.0650,0.01122,0.03180,684.0
2026-07-01 13:19,data,other,26.36,0.083052,0.010,9.4682,0.01762,0.00911,-8.0
2026-07-02 15:46,data,other,22.07,0.034467,0.010,4.0891,0.02739,0.01677,33.0
2026-07-03 15:20,data,other,25.85,0.003198,1.500,0.7976,0.00459,0.00348,-220.0
2026-07-04 17:16,data,other,87.16,0.004218,0.050,1.0752,0.00621,0.00539,-128.0
2026-07-08 10:39,data,other,11.96,-0.001879,0.010,-2.9324,0.01032,0.03679,-88.0
2026-07-08 22:41,data,other,5.05,0.036661,0.750,1.1098,0.01229,0.04551,19.0
2026-07-09 09:38,data,other,25.32,-0.021492,0.020,-2.0101,0.00829,0.02251,273.0
2026-07-10 11:02,data,other,9.27,-0.092654,0.010,-12.0634,0.00997,0.03343,-23.0
2026-07-10 22:02,data,other,6.09,0.032422,1.500,1.1159,0.01096,0.03121,-54.0
2026-07-11 04:13,data,other,6.86,-0.103158,0.010,-12.4903,0.00852,0.02626,-11.0
2026-07-11 11:09,data,other,5.99,0.027872,0.800,1.0936,0.00985,0.03507,16.0
2026-07-11 17:12,data,other,6.09,0.025070,1.500,0.9156,0.00937,0.02628,12.0
2026-07-11 23:21,data,other,5.97,0.020030,1.500,0.7623,0.00827,0.02009,22.0
2026-07-12 05:24,data,other,24.72,-0.001923,0.040,0.1374,0.00725,0.01092,42.0
2026-07-13 09:09,data,other,4.69,0.013728,0.810,1.0037,0.01393,0.05335,32.0
2025-08-16 05:02,old data/2025,other,53.41,0.001296,0.550,1.5697,0.00745,0.00599,-207.0
2025-08-21 15:10,old data/2025,other,5.70,-0.069067,0.170,0.2783,0.00837,0.02805,-143.0
2025-08-24 23:16,old data/2025,other,9.73,0.742464,0.010,78.3210,0.12677,0.15629,0.0
2025-08-25 09:05,old data/2025,other,6.92,0.815427,0.010,83.8250,0.02867,0.04480,1237.0
2025-08-31 02:49,old data/2025,other,4.24,0.016633,0.800,0.5178,0.00845,0.02124,-7.0
2025-08-31 11:35,old data/2025,other,21.65,0.003108,0.010,-0.9036,0.00313,0.01432,1.0
2025-09-02 13:10,old data/2025,other,6.62,0.022493,0.610,0.8775,0.00839,0.02567,-6.0
2025-09-03 16:18,old data/2025,other,7.54,0.013087,1.500,0.4228,0.00805,0.01061,-6.0
2025-09-04 05:18,old data/2025,other,4.10,3.230482,0.010,327.1058,0.02475,0.04387,3.0
2025-09-06 16:13,old data/2025,other,11.41,-0.011168,0.010,-2.1973,0.00953,0.01402,0.0
2025-09-08 01:54,old data/2025,other,10.59,0.010285,0.190,0.2317,0.01039,0.01133,1.0
2025-09-10 07:01,old data/2025,other,9.71,-0.079522,0.160,-1.0469,0.05327,0.03194,19.0
2025-09-10 16:53,old data/2025,other,17.11,0.027253,0.340,1.2436,0.04564,0.08648,14.0
2025-10-01 01:34,old data/2025,other,6.69,0.023644,1.500,0.9908,0.00841,0.02243,-7.0
2025-10-04 19:51,old data/2025,other,5.59,0.024438,0.680,1.0519,0.00840,0.02505,12.0
2025-10-05 13:51,old data/2025,other,12.69,-0.007466,0.010,-2.4973,0.00812,0.02600,-61.0
2025-10-06 09:36,old data/2025,other,10.99,-0.050466,0.010,-6.8733,0.00867,0.02547,-7.0
2025-10-07 00:07,old data/2025,other,4.59,0.025033,1.500,1.0688,0.00870,0.02398,4.0
2025-10-07 09:01,old data/2025,other,4.52,0.128661,0.010,11.7985,0.00766,0.02212,-5.0
2025-10-09 17:26,old data/2025,other,4.19,-0.297375,0.010,-32.0363,0.00847,0.02389,-88.0
2025-10-09 21:42,old data/2025,other,3.99,0.025221,1.440,1.0507,0.00753,0.02007,16.0
2025-10-10 05:41,old data/2025,other,4.74,0.034684,0.010,1.9904,0.00795,0.02534,-3.0
2025-10-10 11:25,old data/2025,other,5.84,0.027223,1.500,1.1627,0.00819,0.03083,-101.0
2025-10-12 16:29,old data/2025,other,5.54,-0.060138,0.010,-7.7835,0.00847,0.02528,-57.0
2025-10-13 02:46,old data/2025,other,4.55,0.021843,1.500,0.8941,0.00795,0.02196,-1.0
2025-10-13 12:29,old data/2025,other,6.37,0.014955,0.070,0.1246,0.01056,0.06279,-109.0
2025-10-13 22:14,old data/2025,other,7.79,0.015361,0.150,0.1864,0.00905,0.03210,13.0
2025-10-14 23:14,old data/2025,other,5.37,-0.071029,0.010,-12.9722,0.01208,0.06889,-156.0
2025-10-15 04:41,old data/2025,other,4.09,0.046801,0.910,0.7312,0.01066,0.04894,21.0
2025-10-15 23:29,old data/2025,other,5.72,-0.442544,0.010,-49.9559,0.01051,0.05419,-77.0
2025-10-16 14:28,old data/2025,other,4.75,0.070683,1.500,1.1017,0.01422,0.09047,-112.0
2025-10-16 20:33,old data/2025,other,5.35,-0.505292,0.010,-57.7383,0.01227,0.06724,-40.0
2025-10-17 08:03,old data/2025,other,5.97,-0.371453,0.010,-43.9707,0.01072,0.06700,-134.0
2025-10-17 14:28,old data/2025,other,6.35,0.029742,0.200,0.8280,0.01081,0.05508,-41.0
2025-10-18 07:46,old data/2025,other,4.20,-0.411187,0.010,-45.3237,0.00882,0.04044,-9.0
2025-10-18 12:03,old data/2025,other,8.27,-0.393350,0.010,-44.6932,0.00914,0.04472,-152.0
2025-10-18 21:00,old data/2025,other,5.19,-0.256526,0.010,-30.3872,0.00932,0.05012,-141.0
2025-10-19 11:40,old data/2025,other,6.05,0.009906,0.390,0.7995,0.00817,0.02643,7.0
2025-10-19 22:00,old data/2025,other,4.45,-0.312639,0.010,-35.7250,0.00916,0.04716,-143.0
2025-10-20 12:48,old data/2025,other,4.05,-0.467218,0.010,-51.4445,0.00911,0.04194,-122.0
2025-10-20 16:58,old data/2025,other,6.50,0.033607,0.800,0.9622,0.00826,0.03997,-47.0
2025-10-21 02:38,old data/2025,other,4.97,0.025201,1.440,0.6425,0.00817,0.02616,0.0
2025-10-21 17:57,old data/2025,other,8.91,0.039059,0.350,0.8480,0.00782,0.04379,-94.0
2025-10-22 02:56,old data/2025,other,13.18,-0.140683,0.010,-17.4039,0.00757,0.02656,-10.0
2025-10-27 18:58,old data/2025,other,7.12,0.031328,0.350,0.9343,0.00704,0.03651,-41.0
2025-10-28 02:09,old data/2025,other,6.82,0.027140,0.200,0.8766,0.00679,0.03812,-126.0
2025-10-28 11:19,old data/2025,other,7.07,0.030296,0.450,0.9317,0.00674,0.03677,-163.0
2025-10-28 20:01,old data/2025,other,5.49,0.017620,0.110,0.7008,0.00720,0.03099,-88.0
2025-10-29 01:35,old data/2025,other,6.85,0.023409,0.160,0.8342,0.00709,0.03502,-178.0
2025-10-29 08:30,old data/2025,other,7.07,0.032880,0.680,0.9487,0.00707,0.03818,-59.0
2025-10-29 15:38,old data/2025,other,7.05,0.031444,0.420,0.9337,0.00677,0.03685,-39.0
2025-10-30 00:09,old data/2025,other,5.64,0.033217,1.330,0.9018,0.00714,0.03548,-42.0
2025-10-30 05:51,old data/2025,other,7.05,0.022307,0.190,0.8447,0.00694,0.03827,-51.0
2025-10-30 15:00,old data/2025,other,7.34,0.023944,1.500,0.8958,0.00677,0.02726,-19.0
2025-10-30 22:25,old data/2025,other,7.97,0.030071,0.520,0.9556,0.00694,0.03261,-46.0
2025-10-31 06:27,old data/2025,other,7.91,0.029900,0.420,0.9492,0.00681,0.03415,-44.0
2025-10-31 14:25,old data/2025,other,7.77,0.013393,0.070,0.6106,0.00654,0.03474,-52.0
2025-10-31 22:17,old data/2025,other,7.70,0.028069,0.390,0.9339,0.00695,0.03245,-42.0
2025-11-01 06:04,old data/2025,other,8.39,0.028600,0.540,0.9564,0.00687,0.03219,-185.0
2025-11-01 14:31,old data/2025,other,7.99,0.026088,0.270,0.9199,0.00729,0.03129,-42.0
2025-11-01 22:34,old data/2025,other,8.26,0.026969,0.280,0.9328,0.00711,0.03150,-58.0
2025-11-02 06:54,old data/2025,other,7.91,0.018399,0.250,0.8426,0.00625,0.03289,-43.0
2025-11-02 14:55,old data/2025,other,10.97,0.016118,0.110,0.8526,0.00513,0.02369,-26.0
2025-11-03 01:59,old data/2025,other,13.01,-0.070539,0.010,-8.7446,0.00494,0.02076,-56.0
2025-11-03 15:34,old data/2025,other,14.91,0.017802,1.500,0.9752,0.00361,0.01811,-154.0
2025-11-04 06:33,old data/2025,other,15.11,0.017743,1.500,0.9783,0.00332,0.01787,-72.0
2025-11-04 21:43,old data/2025,other,14.84,0.012139,0.100,0.8765,0.00366,0.01819,-29.0
2025-11-05 12:38,old data/2025,other,17.18,0.013170,0.900,0.9419,0.00498,0.01630,-90.0
2025-11-06 05:55,old data/2025,other,5.47,0.402985,0.010,40.2243,0.01115,0.05667,-72.0
2025-11-06 20:42,old data/2025,other,18.21,0.012501,0.150,0.9469,0.00344,0.01537,-57.0
2025-11-07 14:59,old data/2025,other,17.53,0.024387,0.010,2.1075,0.00443,0.01540,-74.0
2025-11-08 08:35,old data/2025,other,19.90,0.014110,0.410,0.9907,0.00351,0.01407,-109.0
2025-11-09 04:32,old data/2025,other,18.60,0.013852,0.610,0.9699,0.00338,0.01452,-189.0
2025-11-09 23:13,old data/2025,other,18.61,0.010513,0.090,0.8905,0.00323,0.01451,-217.0
2025-11-10 17:55,old data/2025,other,19.28,0.010799,0.120,0.9122,0.00326,0.01401,-82.0
2025-11-11 13:17,old data/2025,other,21.05,0.007101,0.040,0.7688,0.00331,0.01283,-213.0
2025-11-12 10:24,old data/2025,other,22.28,0.009521,0.100,0.9171,0.00328,0.01212,-82.0
2025-11-13 08:46,old data/2025,other,24.30,0.009387,0.100,0.9335,0.00337,0.01152,-69.0
2025-12-22 09:31,old data/2025,other,7.74,0.022118,1.090,0.8872,0.00546,0.02197,-125.0
2025-12-22 17:19,old data/2025,other,9.04,0.025920,0.420,0.9461,0.00509,0.03098,-80.0
2025-12-23 02:27,old data/2025,other,8.89,0.020382,0.180,0.8765,0.00530,0.03038,-58.0
2025-12-23 11:25,old data/2025,other,8.97,0.025104,0.370,0.9375,0.00521,0.02898,-19.0
2025-12-23 20:29,old data/2025,other,9.19,0.019970,0.170,0.8753,0.00526,0.02721,-39.0
2025-12-24 05:45,old data/2025,other,9.42,0.023314,0.360,0.9342,0.00523,0.02866,-27.0
2025-12-24 15:14,old data/2025,other,9.59,0.021619,0.240,0.9157,0.00546,0.02816,-18.0
2025-12-25 00:55,old data/2025,other,9.76,0.020533,0.210,0.9042,0.00529,0.02563,-14.0
2025-12-25 10:46,old data/2025,other,9.89,0.022494,0.310,0.9329,0.00539,0.02629,-43.0
2025-12-25 20:44,old data/2025,other,10.16,0.020319,0.250,0.9156,0.00530,0.02560,-185.0
2025-12-26 06:57,old data/2025,other,9.14,0.025170,1.270,0.9644,0.02558,0.07113,-67.0
2025-12-26 16:54,old data/2025,other,9.49,0.025266,0.970,0.9539,0.00536,0.02740,-88.0
2025-12-27 02:30,old data/2025,other,8.67,0.025739,0.350,0.9377,0.00534,0.02998,-15.0
2025-12-27 11:16,old data/2025,other,8.92,0.026827,0.510,0.9503,0.00544,0.03027,-46.0
2025-12-27 20:17,old data/2025,other,8.79,0.024592,0.370,0.9286,0.00503,0.03072,-52.0
2025-12-28 05:09,old data/2025,other,9.12,0.023009,0.290,0.9203,0.00476,0.02851,-163.0
2025-12-28 14:21,old data/2025,other,9.19,0.023467,0.310,0.9264,0.00533,0.03047,-58.0
2025-12-28 23:36,old data/2025,other,9.54,0.020814,0.210,0.9006,0.00500,0.02831,-89.0
2025-12-29 09:13,old data/2025,other,9.76,0.022641,0.300,0.9311,0.00505,0.02768,-74.0
2025-12-29 19:03,old data/2025,other,9.70,0.019881,0.210,0.8980,0.00507,0.02782,-71.0
2025-12-30 04:50,old data/2025,other,10.22,0.020611,0.280,0.9209,0.00488,0.02641,-40.0
2025-12-30 15:10,old data/2025,other,10.29,0.015103,0.130,0.8349,0.00527,0.02527,-34.0
2025-12-31 01:32,old data/2025,other,11.29,0.014327,0.170,0.8568,0.00525,0.02303,-220.0
2025-12-31 12:55,old data/2025,other,11.01,-0.121327,0.010,-14.2431,0.00573,0.02362,-187.0
2026-01-01 00:41,old data/2026,other,19.99,-0.080093,0.020,-4.6519,0.00604,0.01350,-61.0
2026-01-01 20:46,old data/2026,other,13.59,0.014955,0.440,0.9141,0.04797,0.05813,53.0
2026-01-02 10:27,old data/2026,other,68.00,-0.025283,0.020,-2.5067,0.01302,0.01426,-179.0
2026-01-05 09:23,old data/2026,other,11.79,0.038424,0.470,1.1607,0.00554,0.04750,-125.0
2026-01-05 21:14,old data/2026,other,14.57,0.021993,0.130,0.9920,0.00457,0.03843,-198.0
2026-01-06 13:20,old data/2026,other,8.27,0.028569,0.500,0.9494,0.00431,0.03386,-89.0
2026-01-06 21:51,old data/2026,other,18.44,-0.024684,0.010,-4.2102,0.00506,0.02332,-92.0
2026-01-07 16:24,old data/2026,other,17.27,0.019822,0.130,1.0298,0.00444,0.03242,-87.0
2026-01-08 09:50,old data/2026,other,19.36,0.008625,0.070,0.7426,0.00476,0.02893,-230.0
2026-01-09 05:22,old data/2026,other,40.38,-0.003826,0.070,0.5291,0.00930,0.01387,-93.0
2026-01-10 22:01,old data/2026,other,59.49,0.001923,0.090,0.8341,0.00819,0.00824,-125.0
2026-01-13 09:35,old data/2026,other,58.14,0.002014,0.130,0.8376,0.00963,0.00963,-97.0
2026-01-15 19:49,old data/2026,other,63.95,0.002080,0.130,0.8481,0.00949,0.00876,-74.0
2026-01-18 12:03,old data/2026,other,56.90,0.001864,0.130,0.8266,0.00721,0.00668,-254.0
2026-01-20 21:02,old data/2026,other,63.28,0.001869,0.130,0.8466,0.00906,0.00853,-246.0
2026-02-10 19:55,old data/2026,other,22.68,0.017974,0.220,1.1188,0.00460,0.02073,-92.0
2026-02-11 18:42,old data/2026,other,21.64,0.015668,0.100,1.0404,0.00490,0.02125,-101.0
2026-02-12 16:36,old data/2026,other,22.65,0.016136,0.130,1.0796,0.00514,0.01722,-98.0
2026-02-13 15:19,old data/2026,other,17.56,0.013234,0.080,0.9050,0.00505,0.02050,-45.0
2026-02-14 08:58,old data/2026,other,18.24,0.009847,0.050,0.7730,0.00503,0.01973,-174.0
2026-02-15 03:18,old data/2026,other,18.83,0.014569,0.120,0.9770,0.00513,0.01965,-64.0
2026-02-15 22:13,old data/2026,other,19.80,0.010455,0.070,0.8698,0.00517,0.01819,-85.0
2026-02-16 18:06,old data/2026,other,20.66,-0.012950,0.020,-0.7760,0.00521,0.01694,-74.0
2026-02-17 14:57,old data/2026,other,22.61,-0.052341,0.010,-6.5481,0.00514,0.01636,-70.0
2026-02-18 13:44,old data/2026,other,66.30,-0.000064,0.090,0.7222,0.00950,0.00558,-75.0
2026-02-21 08:07,old data/2026,other,55.16,-0.000843,0.080,0.7001,0.01239,0.01124,-50.0
2026-02-23 15:24,old data/2026,other,17.68,0.020036,1.500,1.0671,0.00546,0.02037,-114.0
2026-02-24 09:14,old data/2026,other,17.46,0.012325,0.060,0.8524,0.00541,0.02119,-28.0
2026-02-25 02:52,old data/2026,other,19.21,0.015793,0.190,1.0126,0.00541,0.01874,-193.0
2026-02-25 22:10,old data/2026,other,20.28,0.014468,0.170,1.0040,0.00542,0.01775,-57.0
2026-02-26 18:31,old data/2026,other,22.48,0.012041,0.110,0.9776,0.00539,0.01646,-77.0
2026-02-27 17:06,old data/2026,other,23.38,0.007606,0.050,0.8137,0.00528,0.01540,-73.0
2026-02-28 16:34,old data/2026,other,24.58,0.009452,0.080,0.9263,0.00542,0.01465,-56.0
2026-03-01 17:14,old data/2026,other,25.62,0.007417,0.060,0.8617,0.00553,0.01405,-56.0
2026-03-02 18:59,old data/2026,other,18.60,0.012539,0.190,1.0299,0.01294,0.03496,-124.0
2026-03-03 13:42,old data/2026,other,8.66,0.014226,1.380,0.8397,0.00540,0.01617,-145.0
2026-03-03 22:26,old data/2026,other,21.76,0.013352,0.160,1.0048,0.00525,0.01654,-82.0
2026-03-04 20:17,old data/2026,other,23.03,0.012208,0.130,0.9935,0.00537,0.01563,-65.0
2026-03-05 19:24,old data/2026,other,24.15,0.011877,0.140,0.9994,0.00514,0.01532,-46.0
2026-03-06 19:39,old data/2026,other,25.16,0.011583,0.150,1.0025,0.00507,0.01391,-56.0
2026-03-07 20:54,old data/2026,other,26.48,0.010615,0.120,0.9900,0.00523,0.01397,-89.0
2026-03-08 23:28,old data/2026,other,28.18,0.002576,0.010,-0.0574,0.00519,0.01171,-161.0
2026-03-10 03:44,old data/2026,other,12.16,0.014828,0.940,1.0595,0.01340,0.04278,14.0
2026-03-10 15:59,old data/2026,other,12.57,0.013467,1.090,0.8841,0.00497,0.01432,-95.0
2026-03-11 04:39,old data/2026,other,23.14,0.013312,0.170,1.0176,0.00524,0.01556,-79.0
2026-03-12 03:51,old data/2026,other,24.46,0.012091,0.140,1.0049,0.00517,0.01472,-72.0
2026-03-13 04:24,old data/2026,other,25.28,0.011742,0.120,1.0061,0.00506,0.01464,-97.0
2026-03-14 05:46,old data/2026,other,26.85,0.010420,0.100,0.9853,0.00499,0.01341,-73.0
2026-03-15 08:40,old data/2026,other,24.90,0.010816,0.130,1.0076,0.01171,0.02972,-48.0
2026-03-16 09:42,old data/2026,other,12.71,0.011916,0.980,0.8678,0.00507,0.01338,-106.0
2026-03-16 22:28,old data/2026,other,24.70,0.012264,0.190,1.0148,0.00514,0.01498,-119.0
2026-03-17 23:16,old data/2026,other,25.71,0.011793,0.200,1.0156,0.00516,0.01400,-156.0
2026-03-19 01:05,old data/2026,other,13.56,0.014115,0.730,1.0549,0.02309,0.06196,-95.0
2026-03-19 14:53,old data/2026,other,13.79,0.011872,0.700,0.8785,0.00520,0.01233,-177.0
2026-03-20 04:45,old data/2026,other,26.45,0.011471,0.140,1.0141,0.00532,0.01361,-42.0
2026-03-21 07:17,old data/2026,other,27.01,0.008802,0.060,0.9225,0.00503,0.01333,-35.0
2026-03-22 10:23,old data/2026,other,27.80,0.008719,0.070,0.9396,0.00521,0.01295,-63.0
2026-03-23 14:19,old data/2026,other,26.13,0.010466,0.110,1.0035,0.01175,0.02832,-69.0
2026-03-24 23:04,old data/2026,other,25.71,0.010712,0.120,0.9898,0.00563,0.01439,-62.0
2026-03-26 00:52,old data/2026,other,27.30,0.011588,0.190,1.0261,0.00536,0.01355,-103.0
2026-03-27 04:15,old data/2026,other,11.96,0.014280,1.250,1.0608,0.02456,0.06272,-75.0
2026-03-27 22:56,old data/2026,other,27.80,0.011151,0.210,1.0255,0.00501,0.01259,-80.0
2026-03-29 02:49,old data/2026,other,28.25,0.011312,0.190,1.0319,0.00535,0.01274,-26.0
2026-03-30 07:11,old data/2026,other,29.49,0.006817,0.040,0.8451,0.00550,0.01187,-11.0
2026-03-31 12:45,old data/2026,other,24.42,0.011045,0.170,1.0298,0.01527,0.03481,-70.0
2026-04-01 13:17,old data/2026,other,24.21,0.011392,1.000,0.9864,0.00518,0.01239,-149.0
2026-04-02 13:33,old data/2026,other,27.85,0.009179,0.080,0.9578,0.00526,0.01293,-124.0
2026-04-03 17:28,old data/2026,other,28.59,0.010560,0.140,1.0129,0.00520,0.01259,-58.0
2026-04-04 22:09,old data/2026,other,30.25,0.009992,0.150,1.0156,0.00503,0.01223,-13.0
2026-04-06 04:29,old data/2026,other,28.75,0.009820,0.130,1.0213,0.00579,0.01496,-188.0
2026-04-07 11:14,old data/2026,other,8.07,0.010516,0.080,0.5435,0.00942,0.04460,-55.0
2026-04-07 19:22,old data/2026,other,7.94,0.001302,0.070,0.3303,0.00825,0.03905,-57.0
2026-04-08 03:24,old data/2026,other,8.89,0.027478,0.270,0.9521,0.00702,0.03488,-55.0
2026-04-08 12:21,old data/2026,other,8.99,-0.109534,0.010,-14.0301,0.00714,0.03338,-21.0
2026-04-08 21:25,old data/2026,other,10.71,0.026833,0.520,0.9950,0.00749,0.03269,-8.0
2026-04-09 08:14,old data/2026,other,11.06,0.021224,0.150,0.9253,0.00817,0.03346,-38.0
2026-04-09 19:21,old data/2026,other,11.96,0.010235,0.080,0.7213,0.00675,0.02676,-28.0
2026-04-10 07:24,old data/2026,other,13.18,-0.037182,0.010,-5.6104,0.00773,0.02353,-42.0
