time,folder,dur_hr,P0,rate,kla_proxy
2025-08-16 05:02,old data/2025,53.5,1.56,0.00617,-0.00065
2025-08-21 15:10,old data/2025,5.8,1.32,0.05734,0.30327
2025-08-24 23:16,old data/2025,9.8,1.54,0.15652,0.00738
2025-08-25 09:05,old data/2025,7.0,1.50,0.05021,0.04880
2025-08-31 02:49,old data/2025,4.3,0.54,0.02566,0.19098
2025-08-31 11:35,old data/2025,21.7,0.39,0.01521,0.22442
2025-09-02 13:10,old data/2025,6.7,0.92,0.02841,0.18672
2025-09-03 16:18,old data/2025,7.6,0.44,0.01446,0.17091
2025-09-04 05:18,old data/2025,4.2,0.28,0.04574,0.01537
2025-09-06 16:13,old data/2025,11.5,0.28,0.01481,0.24618
2025-09-08 01:54,old data/2025,10.7,0.27,0.01407,0.28235
2025-09-10 07:01,old data/2025,9.8,0.32,0.03280,0.59726
2025-09-10 16:53,old data/2025,17.2,1.52,0.08673,0.30020
2025-10-01 01:34,old data/2025,6.8,1.01,0.02664,0.12737
2025-10-04 19:51,old data/2025,5.7,1.06,0.02653,0.10897
2025-10-05 13:51,old data/2025,12.7,1.06,0.02747,0.13561
2025-10-06 09:36,old data/2025,11.0,1.00,0.02626,0.11085
2025-10-07 00:07,old data/2025,4.6,1.09,0.03019,0.11166
2025-10-07 09:01,old data/2025,4.6,0.87,0.02626,0.10864
2025-10-09 17:26,old data/2025,4.3,1.19,0.03057,0.09514
2025-10-09 21:42,old data/2025,4.0,1.07,0.02725,0.05988
2025-10-10 05:41,old data/2025,4.8,0.87,0.02707,0.12117
2025-10-10 11:25,old data/2025,5.9,1.17,0.03048,0.12594
2025-10-12 16:29,old data/2025,5.6,1.19,0.03042,0.12320
2025-10-13 02:46,old data/2025,4.6,0.92,0.02597,0.12352
2025-10-13 12:29,old data/2025,6.4,0.92,0.06525,0.35305
2025-10-13 22:14,old data/2025,7.8,0.39,0.03572,0.67290
2025-10-14 23:14,old data/2025,5.4,1.14,0.07356,0.40023
2025-10-15 04:41,old data/2025,4.2,0.77,0.05538,0.37882
2025-10-15 23:29,old data/2025,5.8,1.04,0.05702,0.29550
2025-10-16 14:28,old data/2025,4.8,1.18,0.09160,0.34915
2025-10-16 20:33,old data/2025,5.4,1.09,0.07010,0.34365
2025-10-17 08:03,old data/2025,6.0,1.16,0.07475,0.41178
2025-10-17 14:28,old data/2025,6.4,1.11,0.05934,0.36457
2025-10-18 07:46,old data/2025,4.3,0.92,0.04450,0.22997
2025-10-18 12:03,old data/2025,8.3,1.16,0.05156,0.29437
2025-10-18 21:00,old data/2025,5.3,1.16,0.06091,0.30605
2025-10-19 11:40,old data/2025,6.1,0.92,0.02777,0.21989
2025-10-19 22:00,old data/2025,4.5,1.14,0.05310,0.29104
2025-10-20 12:48,old data/2025,4.1,0.84,0.06311,0.10527
2025-10-20 16:58,old data/2025,6.6,0.99,0.03967,0.21985
2025-10-21 02:38,old data/2025,5.0,0.67,0.03177,0.28303
2025-10-21 17:57,old data/2025,9.0,0.91,0.04569,0.30612
2025-10-22 02:56,old data/2025,13.3,0.52,0.02862,0.42114
2025-10-27 18:58,old data/2025,7.2,0.97,0.03625,0.22337
2025-10-28 02:09,old data/2025,6.9,0.97,0.03775,0.23563
2025-10-28 11:19,old data/2025,7.1,0.98,0.03651,0.22114
2025-10-28 20:01,old data/2025,5.5,0.93,0.03612,0.23361
2025-10-29 01:35,old data/2025,6.9,0.97,0.03621,0.23356
2025-10-29 08:30,old data/2025,7.1,0.99,0.03932,0.21885
2025-10-29 15:38,old data/2025,7.1,0.97,0.03651,0.23120
2025-10-30 00:09,old data/2025,5.7,0.93,0.03868,0.21220
2025-10-30 05:51,old data/2025,7.1,0.98,0.03791,0.23597
2025-10-30 15:00,old data/2025,7.4,0.93,0.02843,0.16150
2025-10-30 22:25,old data/2025,8.0,0.98,0.03241,0.18875
2025-10-31 06:27,old data/2025,8.0,0.97,0.03268,0.20312
2025-10-31 14:25,old data/2025,7.8,0.97,0.03324,0.20145
2025-10-31 22:17,old data/2025,7.8,0.98,0.03346,0.21889
2025-11-01 06:04,old data/2025,8.4,0.99,0.03199,0.20463
2025-11-01 14:31,old data/2025,8.0,0.98,0.03110,0.21996
2025-11-01 22:34,old data/2025,8.3,0.99,0.03251,0.17679
2025-11-02 06:54,old data/2025,8.0,0.99,0.03498,0.22731
2025-11-02 14:55,old data/2025,11.0,0.98,0.02445,0.14429
2025-11-03 01:59,old data/2025,13.1,0.98,0.02065,0.13803
2025-11-03 15:34,old data/2025,15.0,0.98,0.01805,0.10174
2025-11-04 06:33,old data/2025,15.2,0.99,0.01847,0.10012
2025-11-04 21:43,old data/2025,14.9,0.99,0.01880,0.10950
2025-11-05 12:38,old data/2025,17.2,0.99,0.01624,0.12823
2025-11-06 05:55,old data/2025,5.5,0.98,0.05434,0.09541
2025-11-06 20:42,old data/2025,18.3,0.99,0.01533,0.08237
2025-11-07 14:59,old data/2025,17.6,0.99,0.01593,0.07101
2025-11-08 08:35,old data/2025,19.9,0.99,0.01404,0.05933
2025-11-09 04:32,old data/2025,18.7,0.99,0.01500,0.08982
2025-11-09 23:13,old data/2025,18.7,0.99,0.01499,0.08803
2025-11-10 17:55,old data/2025,19.3,0.99,0.01447,0.09369
2025-11-11 13:17,old data/2025,21.1,0.98,0.01280,0.07506
2025-11-12 10:24,old data/2025,22.3,0.98,0.01208,0.08296
2025-11-13 08:46,old data/2025,24.3,0.99,0.01150,0.07936
2025-12-22 09:31,old data/2025,7.8,0.90,0.02183,0.15561
2025-12-22 17:19,old data/2025,9.1,0.98,0.02965,0.17649
2025-12-23 02:27,old data/2025,9.0,0.98,0.03015,0.18856
2025-12-23 11:25,old data/2025,9.0,0.99,0.03098,0.17938
2025-12-23 20:29,old data/2025,9.2,0.99,0.02923,0.18496
2025-12-24 05:45,old data/2025,9.5,0.99,0.02956,0.18220
2025-12-24 15:14,old data/2025,9.7,0.98,0.02796,0.16999
2025-12-25 00:55,old data/2025,9.8,0.99,0.02749,0.17256
2025-12-25 10:46,old data/2025,9.9,0.99,0.02717,0.17530
2025-12-25 20:44,old data/2025,10.2,0.98,0.02547,0.16920
2025-12-26 06:57,old data/2025,9.3,0.99,0.07239,0.15955
2025-12-26 16:54,old data/2025,9.6,0.98,0.02712,0.18079
2025-12-27 02:30,old data/2025,8.7,0.99,0.03090,0.18882
2025-12-27 11:16,old data/2025,9.0,0.99,0.03115,0.17987
2025-12-27 20:17,old data/2025,8.9,0.99,0.03162,0.19985
2025-12-28 05:09,old data/2025,9.2,0.98,0.02830,0.17957
2025-12-28 14:21,old data/2025,9.2,0.98,0.02923,0.18794
2025-12-28 23:36,old data/2025,9.6,0.99,0.02920,0.17403
2025-12-29 09:13,old data/2025,9.8,0.99,0.02851,0.16812
2025-12-29 19:03,old data/2025,9.8,0.99,0.02865,0.17966
2025-12-30 04:50,old data/2025,10.3,0.99,0.02722,0.17502
2025-12-30 15:10,old data/2025,10.4,0.98,0.02511,0.15806
2025-12-31 01:32,old data/2025,11.4,0.98,0.02290,0.17390
2025-12-31 12:55,old data/2025,11.1,0.98,0.02352,0.18086
2026-01-01 00:41,old data/2026,20.1,0.99,0.01396,0.14691
2026-01-01 20:46,old data/2026,13.6,0.98,0.05792,0.15502
2026-01-02 10:27,old data/2026,68.0,1.18,0.01602,0.22276
2026-01-05 09:23,old data/2026,11.8,1.28,0.04815,0.26523
2026-01-05 21:14,old data/2026,14.6,1.28,0.03894,0.21665
2026-01-06 13:20,old data/2026,8.3,1.01,0.03485,0.22201
2026-01-06 21:51,old data/2026,18.5,1.15,0.02323,0.11445
2026-01-07 16:24,old data/2026,17.3,1.28,0.03287,0.18929
2026-01-08 09:50,old data/2026,19.4,1.29,0.02988,0.18490
2026-01-09 00:00,0109-0123_H2_1CO2_1,5.2,0.82,0.02101,0.06708
2026-01-09 05:22,0109-0123_H2_1CO2_1,40.4,1.27,0.01385,0.06938
2026-01-10 22:01,0109-0123_H2_1CO2_1,59.5,1.21,0.00840,0.04257
2026-01-13 09:35,0109-0123_H2_1CO2_1,58.2,1.28,0.00979,0.06992
2026-01-15 19:49,0109-0123_H2_1CO2_1,64.0,1.29,0.00890,0.06123
2026-01-18 12:03,0109-0123_H2_1CO2_1,56.9,1.11,0.00685,0.04752
2026-01-20 21:02,0109-0123_H2_1CO2_1,63.3,1.28,0.00868,0.06914
2026-02-10 19:55,old data/2026,22.7,1.18,0.02066,0.12804
2026-02-11 18:42,old data/2026,21.7,1.19,0.02165,0.12283
2026-02-12 16:36,old data/2026,22.7,1.11,0.01761,0.08825
2026-02-13 15:19,old data/2026,17.6,1.08,0.02042,0.13080
2026-02-14 08:58,old data/2026,18.3,1.08,0.01966,0.12593
2026-02-15 03:18,old data/2026,18.9,1.08,0.01958,0.12142
2026-02-15 22:13,old data/2026,19.9,1.08,0.01813,0.11766
2026-02-16 18:06,old data/2026,20.7,1.07,0.01688,0.12040
2026-02-17 14:57,old data/2026,22.7,1.08,0.01631,0.10749
2026-02-18 13:44,old data/2026,66.4,1.08,0.00558,0.10642
2026-02-21 08:07,old data/2026,55.2,1.02,0.01104,0.07480
2026-02-23 15:24,old data/2026,17.7,1.09,0.02087,0.11629
2026-02-24 09:14,old data/2026,17.5,1.07,0.02056,0.11126
2026-02-25 02:52,old data/2026,19.3,1.08,0.01919,0.08201
2026-02-25 22:10,old data/2026,20.3,1.08,0.01820,0.11016
2026-02-26 18:31,old data/2026,22.5,1.08,0.01641,0.12179
2026-02-27 17:06,old data/2026,23.4,1.08,0.01536,0.10540
2026-02-28 16:34,old data/2026,24.6,1.09,0.01501,0.09489
2026-03-01 00:00,0301-0416_無循環與有循環_5mins,17.2,0.94,0.01278,0.10128
2026-03-01 17:14,0301-0416_無循環與有循環_5mins,25.7,1.09,0.01438,0.09852
2026-03-02 18:59,0301-0416_無循環與有循環_5mins,18.7,1.09,0.03590,0.09584
2026-03-03 13:42,0301-0416_無循環與有循環_5mins,8.7,0.85,0.01608,0.10274
2026-03-03 22:26,0301-0416_無循環與有循環_5mins,21.8,1.08,0.01650,0.12935
2026-03-04 20:17,0301-0416_無循環與有循環_5mins,23.1,1.08,0.01559,0.10999
2026-03-05 19:24,0301-0416_無循環與有循環_5mins,24.2,1.09,0.01569,0.10286
2026-03-06 19:39,0301-0416_無循環與有循環_5mins,25.2,1.08,0.01428,0.10156
2026-03-07 20:54,0301-0416_無循環與有循環_5mins,26.5,1.08,0.01394,0.09936
2026-03-08 23:28,0301-0416_無循環與有循環_5mins,28.2,1.04,0.01168,0.05956
2026-03-10 03:44,0301-0416_無循環與有循環_5mins,12.2,1.08,0.04342,0.08984
2026-03-10 15:59,0301-0416_無循環與有循環_5mins,12.6,0.90,0.01503,0.09439
2026-03-11 04:39,0301-0416_無循環與有循環_5mins,23.2,1.09,0.01638,0.10501
2026-03-12 03:51,0301-0416_無循環與有循環_5mins,24.5,1.09,0.01549,0.10045
2026-03-13 04:24,0301-0416_無循環與有循環_5mins,25.3,1.09,0.01499,0.09919
2026-03-14 05:46,0301-0416_無循環與有循環_5mins,26.9,1.08,0.01338,0.10361
2026-03-15 08:40,0301-0416_無循環與有循環_5mins,24.9,1.09,0.03007,0.09525
2026-03-16 09:42,0301-0416_無循環與有循環_5mins,12.8,0.89,0.01411,0.08988
2026-03-16 22:28,0301-0416_無循環與有循環_5mins,24.8,1.09,0.01535,0.11821
2026-03-17 23:16,0301-0416_無循環與有循環_5mins,25.8,1.08,0.01396,0.09489
2026-03-19 01:05,0301-0416_無循環與有循環_5mins,13.6,1.07,0.06173,0.09726
2026-03-19 14:53,0301-0416_無循環與有循環_5mins,13.8,0.90,0.01300,0.09514
2026-03-20 04:45,0301-0416_無循環與有循環_5mins,26.5,1.07,0.01320,0.08980
2026-03-21 07:17,0301-0416_無循環與有循環_5mins,27.1,1.09,0.01366,0.09377
2026-03-22 10:23,0301-0416_無循環與有循環_5mins,27.8,1.08,0.01293,0.02490
2026-03-23 14:19,0301-0416_無循環與有循環_5mins,26.2,1.07,0.02826,0.10244
2026-03-24 23:04,0301-0416_無循環與有循環_5mins,25.8,1.08,0.01435,0.10223
2026-03-26 00:52,0301-0416_無循環與有循環_5mins,27.4,1.09,0.01389,0.08658
2026-03-27 04:15,0301-0416_無循環與有循環_5mins,12.0,1.09,0.06329,0.09106
2026-03-27 22:56,0301-0416_無循環與有循環_5mins,27.9,1.09,0.01328,0.09027
2026-03-29 02:49,0301-0416_無循環與有循環_5mins,28.3,1.09,0.01307,0.09420
2026-03-30 07:11,0301-0416_無循環與有循環_5mins,29.6,1.09,0.01252,0.10997
2026-03-31 12:45,0301-0416_無循環與有循環_5mins,24.5,1.09,0.03556,0.09148
2026-04-01 13:17,0301-0416_無循環與有循環_5mins,24.3,1.01,0.01195,0.10724
2026-04-02 13:33,0301-0416_無循環與有循環_5mins,27.9,1.08,0.01290,0.09559
2026-04-03 17:28,0301-0416_無循環與有循環_5mins,28.7,1.08,0.01291,0.08588
2026-04-04 22:09,0301-0416_無循環與有循環_5mins,30.3,1.08,0.01220,0.08139
2026-04-06 04:29,0301-0416_無循環與有循環_5mins,28.8,1.09,0.01528,0.08358
2026-04-07 11:14,0301-0416_無循環與有循環_5mins,8.1,1.09,0.04556,0.22752
2026-04-07 19:22,0301-0416_無循環與有循環_5mins,8.0,1.07,0.04381,0.24372
2026-04-08 03:24,0301-0416_無循環與有循環_5mins,8.9,1.06,0.03803,0.21859
2026-04-08 12:21,0301-0416_無循環與有循環_5mins,9.1,1.08,0.03976,0.22097
2026-04-08 21:25,0301-0416_無循環與有循環_5mins,10.8,1.07,0.03341,0.23842
2026-04-09 08:14,0301-0416_無循環與有循環_5mins,11.1,1.08,0.03331,0.18328
2026-04-09 19:21,0301-0416_無循環與有循環_5mins,12.0,1.03,0.02661,0.17576
2026-04-10 07:24,0301-0416_無循環與有循環_5mins,13.2,1.07,0.02646,0.15459
2026-04-10 20:38,0301-0416_無循環與有循環_5mins,14.2,1.08,0.02613,0.14456
2026-04-11 10:49,0301-0416_無循環與有循環_5mins,15.9,1.08,0.02330,0.18973
2026-04-12 02:42,0301-0416_無循環與有循環_5mins,17.3,1.07,0.02079,0.13039
2026-04-12 20:03,0301-0416_無循環與有循環_5mins,16.9,1.09,0.02065,0.15960
2026-04-13 13:02,0301-0416_無循環與有循環_5mins,18.5,1.07,0.01946,0.13104
2026-04-14 07:34,0301-0416_無循環與有循環_5mins,20.0,1.07,0.01753,0.13568
2026-04-15 03:32,0301-0416_無循環與有循環_5mins,21.4,1.09,0.01725,0.12594
2026-04-16 01:01,0301-0416_無循環與有循環_5mins,10.7,1.06,0.08151,0.10796
2026-04-20 17:20,0417-0427_有循環_10mins_74%,11.7,1.07,0.03002,0.19671
2026-04-21 05:01,0417-0427_有循環_10mins_74%,12.1,1.07,0.02977,0.15544
2026-04-21 17:08,0417-0427_有循環_10mins_74%,13.8,1.06,0.02468,0.15360
2026-04-22 06:57,0417-0427_有循環_10mins_74%,14.2,1.09,0.02678,0.12561
2026-04-22 21:09,0417-0427_有循環_10mins_74%,15.9,1.07,0.02260,0.16481
2026-04-23 13:07,0417-0427_有循環_10mins_74%,18.9,1.06,0.01801,0.20642
2026-04-24 08:01,0417-0427_有循環_10mins_74%,20.0,1.07,0.01752,0.13012
2026-04-25 04:00,0417-0427_有循環_10mins_74%,20.0,1.07,0.01752,0.13486
2026-04-26 00:00,0417-0427_有循環_10mins_74%,21.0,1.08,0.01716,0.13651
2026-04-26 21:00,0417-0427_有循環_10mins_74%,18.8,1.08,0.03025,0.14747
2026-04-27 00:00,20260727_1min_data,15.8,0.95,0.02777,0.14031
2026-04-27 22:32,20260727_1min_data,34.4,1.08,0.01074,0.08045
2026-04-29 08:59,20260727_1min_data,28.1,1.08,0.00996,0.05892
2026-04-30 13:06,20260727_1min_data,42.0,1.09,0.00904,0.07012
2026-05-02 07:09,20260727_1min_data,43.1,1.09,0.00881,0.06064
2026-05-04 02:19,20260727_1min_data,43.6,1.08,0.00825,0.07062
2026-05-05 21:58,20260727_1min_data,46.1,1.08,0.00802,0.05643
2026-05-07 20:06,20260727_1min_data,13.0,1.09,0.03241,0.05583
2026-07-01 13:19,20260727_1min_data,26.4,0.95,0.00908,0.04988
2026-07-02 15:46,20260727_1min_data,22.1,1.19,0.01717,0.05519
2026-07-03 15:20,20260727_1min_data,25.9,1.19,0.01852,0.04667
2026-07-04 17:16,20260727_1min_data,87.3,1.19,0.00550,0.02675
2026-07-08 10:39,20260727_1min_data,12.0,1.16,0.03747,0.18670
2026-07-08 22:41,20260727_1min_data,5.1,1.14,0.04702,0.29875
2026-07-09 09:38,20260727_1min_data,25.4,0.83,0.02326,0.20423
2026-07-10 11:02,20260727_1min_data,9.3,1.15,0.04175,0.17521
2026-07-10 22:02,20260727_1min_data,6.2,1.16,0.04062,0.18169
2026-07-11 04:13,20260727_1min_data,6.9,0.92,0.02889,0.16811
2026-07-11 11:09,20260727_1min_data,6.0,1.10,0.03146,0.16360
2026-07-11 17:12,20260727_1min_data,6.1,0.93,0.02769,0.10666
2026-07-11 23:21,20260727_1min_data,6.0,0.77,0.02159,0.11448
2026-07-12 05:24,20260727_1min_data,24.8,0.65,0.01130,0.10603
2026-07-13 09:09,20260727_1min_data,4.8,1.19,0.05470,0.56759
2026-07-23 09:04,20260727_1min_data,5.8,1.03,0.02085,0.06824
2026-07-23 14:50,20260727_1min_data,13.0,1.16,0.01850,0.11401
2026-07-24 03:50,20260727_1min_data,13.0,1.16,0.01772,0.10750
2026-07-24 16:50,20260727_1min_data,14.0,1.17,0.01717,0.10541
2026-07-25 06:49,20260727_1min_data,9.2,1.16,0.01735,0.10074
2026-07-25 21:50,20260727_1min_data,15.0,1.16,0.01536,0.11098
2026-07-26 12:50,20260727_1min_data,16.0,1.16,0.01502,0.08965
2026-07-27 09:24,20260727_1min_data,6.7,1.19,0.04036,0.17521
2026-07-27 09:24,202607至08最新循環研究,6.8,1.19,0.04143,0.17447
2026-07-27 16:10,202607至08最新循環研究,6.3,1.19,0.04465,0.20511
2026-07-27 22:27,202607至08最新循環研究,7.0,1.16,0.03442,0.17345
2026-07-28 05:27,202607至08最新循環研究,7.0,1.16,0.03434,0.16933
2026-07-28 12:27,202607至08最新循環研究,7.0,1.17,0.03307,0.17604
2026-07-28 19:26,202607至08最新循環研究,8.0,1.16,0.03017,0.15156
2026-07-29 03:25,202607至08最新循環研究,8.0,1.18,0.03255,0.14797
2026-07-29 11:25,202607至08最新循環研究,8.0,1.17,0.03004,0.16640
2026-07-29 19:25,202607至08最新循環研究,9.0,1.16,0.02563,0.13749
2026-07-30 04:25,202607至08最新循環研究,4.7,1.16,0.19986,0.16958
2026-07-30 09:12,202607至08最新循環研究,6.1,1.19,0.04460,0.15054
2026-07-30 15:16,202607至08最新循環研究,6.0,1.17,0.04176,0.20238
2026-07-30 21:16,202607至08最新循環研究,6.9,1.16,0.03468,0.16405
2026-07-31 04:13,202607至08最新循環研究,6.0,1.17,0.04164,0.17766
2026-07-31 10:14,202607至08最新循環研究,6.0,1.17,0.04331,0.16859
2026-07-31 16:15,202607至08最新循環研究,7.0,1.19,0.03738,0.15647
2026-07-31 23:13,202607至08最新循環研究,6.1,1.16,0.03921,0.16925
2026-08-01 05:22,202607至08最新循環研究,6.9,1.17,0.03766,0.18049
2026-08-01 12:17,202607至08最新循環研究,6.9,1.17,0.03603,0.16981
2026-08-01 19:14,202607至08最新循環研究,7.1,1.17,0.03510,0.12990
2026-08-02 02:24,202607至08最新循環研究,7.8,1.18,0.03203,0.17471
2026-08-02 10:13,202607至08最新循環研究,8.0,1.17,0.03004,0.15764
2026-08-02 18:13,202607至08最新循環研究,8.0,1.17,0.03254,0.12571
2026-08-03 04:36,202607至08最新循環研究,4.6,1.08,0.14663,0.09903
